Genus,Species,Common Name 1,Common Name 2,Family,Clade,Size,Canopy,Global_ Distribution,Locality,Abundance,Climatic_Domain,Climatic _Zone,General_Description,Images_Folder
Abies,alba,European silver fir,silver fir,Pinaceae,Gymnosperm,large,evergreen,Europe,mountains,not restricted,temperate,intermediate,The largest fir in Europe.  Occurs in the mountains at 300 -2000m in southern Europe.,Abies alba
Abies,balsamea,balsam fir,,Pinaceae,Gymnosperm,"small, medium",evergreen,North America,"wetlands, closed forest",not restricted,"temperate, boreal","wet, intermediate",Occurs north-east USA and eastern Canada. Cold hardy.  Christmas tree species. Endangered in its natural habitat but well established elsewhere.,Abies balsamea
Abies,cephalonica,Greek fir,,Pinaceae,Gymnosperm,medium,evergreen,Europe,mountains, restricted,temperate,intermediate,Native to the mountains of Greece and Albania.  Used for wood in the past but now too rare.,Abies cephalonica
Abies,cilicica,Cilician fir ,Taurus fir,Pinaceae,Gymnosperm,medium,evergreen,Asia,"closed forest, mountains",rare/endangered,temperate,intermediate,"Native to Turkey, Syria and Lebanon.  Population decreasing. Mediterranes climate.  Founds in Taurus Mountains.",Abies cilicica
Abies,durangensis,durango fir,ocote,Pinaceae,Gymnosperm,large,evergreen,Central America,"closed forest, mountains",restricted,temperate,intermediate,Native to Mexico,Abies durangensis
Abies,fabri,Faber's fir,,Pinaceae,Gymnosperm,large,evergreen,Asia,mountains,rare.endangered,temperate,"wet, intermediate","Sichuan province, China. Cool and wet in the mountains.",Abies fabri
Abies,forrestii,Forrest's fir,,Pinaceae,Gymnosperm,,,,,,,,,Abies forrestii
Abies,homolepis,Nikko fir,,Pinaceae,Gymnosperm,,,,,,,,,Abies homolepis
Abies,lasiocarpa,subalpine fir,,Pinaceae,Gymnosperm,medium,evergreen,North America,"mountains, closed forest",not restricted,"temperate, boreal",intermediate,Alpine ares of Canada and NW USA. Can occur at treeline. Medicinal to native Americans,Abies lasiocarpa
Abies,procera,noble fir,red fir,Pinaceae,Gymnosperm,tall,evergreen,North America,"mountains, closed forest",not restricted,temperate,"wet, intermediate",Mid elevations (300 - 1500m) on Cascades and Pacific coast ranges of USA.  Apioneer species.  Christmas tree species,Abies procera
Abutilon,julianae,Norfolk Island Abutilon,,Malvceae,Angiosperm,small,evergreen,Islands,closed forest,rare/endangered,subtropical,intermediate,Norfolk Island and critically endangered,Abutilon julianae
Acacia,aneura,mulga,,Fabaceae,Angiosperm,small,"evergreen, shrub",Australia,open forest,not restricted,"subtropical, temperate",dry,Much of dry inland Australia. Fodder source. Has phyllodes rather than normal leaves. Longer living than most Acacias,Acacia aneura
Acacia,aulacocarpa,salwood,golden-flowered salwood,Fabaceae,Angiosperm,,,,,,,,,Acacia aulacocarpa
Acacia,baileyana,Cootamundra wattle,,Fabaceae,Angiosperm,small,"evergreen, shrub",Australia,open forest,not restricted,"subtropical, temperate",intermediate,Natural distribution restricted to southern inland NSW but now widely distributed to the extent that it is an environmental weed in Victoria. Easy to growand widely cultivated.,Acacia baileyana
Acacia,binervia,coast myall,,Fabaceae,Angiosperm,small,"evergreen, shrub",Australia,"open forest, woodland/shrubland",not restricted,tempertae,intermediate,Southern New South Wales tablelands and extending into Victoria.  Also known as Acacia glaucescens.,Acacia binervia
Acacia,chinchillensis,Chinchilla wattle,,Fabaceae,Angiosperm,small,"evergreen, shrub",Australia,"open forest, woodland/shrubland",restricted,subtropical,intermediate,Darling Downs in south East Queensland west of the Great Dividing Range,Acacia chinchillensis
Acacia,dealbata,silver wattle,,Fabaceae,Angiosperm,"small, medium","evergreen, shrub",Australia,open forest,not restricted,temperate,intermediate,Native to south-eastern Australia. Invasive exotic pest in some countries. Also known as Mimosa. Easy to grow ,Acacia dealbata
Acacia,decurrens,black wattle,,Fabaceae,Angiosperm,small,"evergreen, shrub",Australia,open forest,not restricted,temperate,intermediate,South eastern Australia.  Source of gum arabic.  Also called Mimosa. Pioneer species.  Invasive.,Acacia decurrens
Acacia,elata,mountain cedar wattle,,Fabaceae,Angiosperm,,,,,,,,,Acacia elata
Acacia,fimbriata,fringed wattle,Brisbane wattle,Fabaceae,Angiosperm,,,,,,,,,Acacia fimbriata
Acacia,floribunda,gossamer wattle,weeping acacia,Fabaceae,Angiosperm,small,evergreen,Australia,open forest,not restricted,temperate,intermediate,Native to south eastern Asutralia but established all over Asutralia (except northern Territory) and in other counries.,Acacia floribunda
Acacia,harpophylla,brigalow,,Fabaceae,Angiosperm,"small, medium",evergreen,Australia,"open forest, woodland/shrubland",restricted,temperate,"dry, intermediate",Occurs in coastal and inland central and southern Queensland and northern NSW.  Mainly inland in the semiarid (500mm) zone.  Now considered at risk becuase of extensive clearing for agriculture.,Acacia harpophylla
Acacia,howittii,sticky wattle,,Fabaceae,Angiosperm,small,evergreen,Australia,"open forest, woodland/shrubland",restricted,temperate,intermediate,Pendulous.  Considered vulnerable in its native habitat but now widely cultivated. Extant distribution in southern Australia.,Acacia howittii
Acacia,implexa,lightwood,hickory wattle,Fabaceae,Angiosperm,small,evergreen,Australia,open forest,not restricted,"subtropical, temperate","intermediate, wet",Suckers.  Long living for an Acacia. Attractive and high quality wood.,Acacia implexa
Acacia,mangium,mangium,,Fabaceae,Angiosperm,medium,evergreen,"Australia, Asia",ckosed forest,not restricted,"tropical, subtropical","intermediate , wet","Native to Queensland, Indonesia and Papua New Guinea but widely planted as an exotic in SE Asia for pulp and saw lohs.  It is a nitrogen fixer but can be widely invasive. ",Acacia mangium
Acacia,mearnsiii,black wattle,green wattle,Fabaceae,Angiosperm,small,evergreen,Australia,"open forest, woodland/shrubland",not restricted,temperate,intermediate,Endemic to SE Australia but widely introduced elsewhere where it can become very invasive.  An agricultural weed.  A pioneer species that invades distrurbed and open areas.,Acacia mearnsiii
Acacia,melanoxylon,blackwood,,Fabaceae,Angiosperm,medium,evergrteen,Australia,closed forest,not restricted,temperate,"wet, imntermediate","Eastern Australia including Tasmania and coastal South Australia. Fine furniture wood. Introcuced outside Australia where it can be invasive. The figured wood is uswd for musical instruments,medium",Acacia melanoxylon
Acacia,olsenii,,,Fabaceae,Angiosperm,small,evergreen,Australia,"open forest, woodland/shrubland, reverain",not restricted,temperate,"intermediate, dry",Southern tablelnads of New South Wales.  Close to creeks.  Dry northern slopes.,Acacia olsenii
Acacia,paradoxa,kangaroo acacia,kangaroo thorn,Fabaceae,Angiosperm,small,evergreen,Australia,open forest,not restricted,temperate,intermediate,South Eastern Australia. Noxious weed in California.  Excellent habitat and food source for birds. Introduced into SW Western Australia.,Acacia paradoxa
Acacia,parvipinnula,silver-stemmed wattle,,Fabaceae,Angiosperm,small,evergreen,Australia,open forest,not restricted,temperate,intermediate,Coast and table lands of cenral new South Wales,Acacia parvipinnula
Acacia,pravissima,Ovens wattle,wedge-leaved wattle,Fabaceae,Angiosperm,small,evergreen,Australia,"open forest, woodland/shrubland",not restricted,temperate,intermediate,SW New South Wales coast and tablelands extending into Victoria.,Acacia pravissima
Acacia,prominens,golden rain wattle,,Fabaceae,Angiosperm,small,evergreen,Australia,"open forest, woodland/shrubland",not restricted,temperate,intermediate,SW New South Wales coast and tablelands extending into Victoria. Intrioduced into Western  Australia. Contains psychocative alkaloids.,Acacia prominens
Acacia,pubescens,downy wattle,hairy stemmed wattle,Fabaceae,Angiosperm,small,evergreen,Australia,"open forest, woodland/shrubland",restricted,temperate,intermediate,Around Sydney.  Thretatened because of urban sprawl,Acacia pubescens
Acacia,pycnantha,golden wattle,,Fabaceae,Angiosperm,small,evergreen,Australia,"open forest, woodland/shrubland",restricted,temperate,intermediate,"Southern Australia including SW Western Australia and Tasmania.  Australia's national floral emblem.  Weedy.  Etablished in many overseas countries.  Attracts birds , butterflies and other insects. ",Acacia pycnantha
Acacia,retinodes,swamp wattle,,Fabaceae,Angiosperm,small,evergreen,Australia,"open forest, woodland/shrubland",not restricted,temperate,intermediate,"Southern Australia.  New South Wales, Victoria and South australia.  Weedy .",Acacia retinodes
Acacia,rubida,red stem wattle,,Fabaceae,Angiosperm,small,evergreen,Australia,"open forest, woodland/shrubland",not restricted,temperate,intermediate,Eastern Australia.  Southern Victoria through NSW to Victoria.  On tablelands,Acacia rubida
Acacia,schaffneri,twisted Acacia,,Fabaceae,Angiosperm,small,evergreen/semideciduous,"Central Americ, North America",woodland,not restricted,"tropical, subtropical",dry,Southern USA (Texas) and Mexico,Acacia schaffneri
Acacia,silvestris,Bodalla silver wattle,,Fabaceae,Angiosperm,medium,evergreen,Australia,open forest,not restricted,temperate,intermediate,Southern New South Wales from Bodalla State Forest into the highlands of East Gippsland in Victoria,Acacia silvestris
Acacia,spectabilis,mudgee wattle,,Fabaceae,Angiosperm,small,evergreen,Australia,open forest,not restricted,"subtropical, temperate",intermediate,Southern Queensland and northern NSW west of the divide,Acacia spectabilis
Acacia,ulicifolia,juniper wattle,prickly Moses,Fabaceae,Angiosperm,small,evergreen,Australia,open forerst,not restricted,"tropical, subtropical, temperate",intermediate,Widely distributed in eastern Australai fro the topical north to cool temperate Tasmania.  A low prickly shrub.,Acacia ulicifolia
Acer,campestre,field maple,hedge maple,Sapindaceae,Angiosperm,medium,deciduous," Asia, Africa, Europe",closed forest,not restricted,"subtropical, temperate ",intermedaiate,"Occurs naturally over much of Europe but is also found in the Caucasus mountains in Turkey and the Atlas Mountains in North Africa.  It  has been widely planted as an ornamental outside of its natural range. It has a hard and strong wood suited to furniture, flooring and musical instruments. It is a popular bonsai species.",Acer campestre
Acer,capillipes,snake bark maple,,Sapindaceae,Angiosperm,small,deciduous,Asia,closed forest,not restricted,temperate,intermediate," Natiive to the mountainous regions of Japan, mainly Honshu and Shikoku isl Native to mountainous regions of Japan, mainly Honshu and Shikoku Islands.ands",Acer capillipes
Acer,cappadocicum subsp. cappadocicum,Cappadocian maple,,Sapindaceae,Angiosperm,medium,deciduous,Asia,"open forest, mountainous",not  restricted,"temperate, boral",intermediate,"Native to mixed forests from Turkey to the Caucasus, the Himalayas and southwestern China.",Acer cappadocicum subsp. cappadocicum
Acer,cappadocicum subsp. sinicum,Cappadocian maple,,Sapindaceae,Angiosperm,,,,,,,,,Acer cappadocicum subsp. sinicum
Acer,griseum,paperbark maple,,Sapindaceae,Angiosperm,small,deciduous,Asia,"closed forest, open forest",restricted,"subtropical, temperate",intermediate,Native to central China.  Threatened in its natutral habitat but planted elsewhere as a beautiful tree.  ,Acer griseum
Acer,heldreichii ssp. trautvetteri,redbud maple,,Sapindaceae,Angiosperm,,,,,,,,,Acer heldreichii ssp. trautvetteri
Acer,macrophyllum,bigleaf maple,,Sapindaceae,Angiosperm,,,,,,,,,Acer macrophyllum
Acer,monspessulanum,Montpellier maple,,Sapindaceae,Angiosperm,,,,,,,,,Acer monspessulanum
Acer,negundo,box elder maple,,Sapindaceae,Angiosperm,,,,,,,,,Acer negundo
Acer,opalus,Italian maple,,Sapindaceae,Angiosperm,,,,,,,,,Acer opalus
Acer,palmatum,Japanese maple,,Sapindaceae,Angiosperm,,,,,,,,,Acer palmatum
Acer,psuedoplatanus,sycamore maple,,Sapindaceae,Angiosperm,,,,,,,,,Acer psuedoplatanus
Acer,pubinerve,Chinese maple,,Sapindaceae,Angiosperm,,,,,,,,,Acer pubinerve
Acer,rubrum,red maple,,Sapindaceae,Angiosperm,,,,,,,,,Acer rubrum
Acer,rufinerve,redvein maple,snakebark maple,Sapindaceae,Angiosperm,,,,,,,,,Acer rufinerve
Acer,rufinerve 'Winter Gold',snakebark maple,,Sapindaceae,Angiosperm,,,,,,,,,Acer rufinerve 'Winter Gold'
Acer,saccharinum,silver maple,creek maple,Sapindaceae,Angiosperm,,,,,,,,,Acer saccharinum
Acer,sempervirens,Cretan maple,,Sapindaceae,Angiosperm,,,,,,,,,Acer sempervirens
Acer,tataricum subsp. tataricum,tatar maple,,Sapindaceae,Angiosperm,,,,,,,,,Acer tataricum subsp. tataricum
Acer,trautvetteri,,,Sapindaceae,Angiosperm,,,,,,,,,Acer trautvetteri
Acer,velutinum var. van-volxemii,Van Volxem's maple,,Sapindaceae,Angiosperm,,,,,,,,,Acer velutinum var. van-volxemii
Acer,x dieckii,Dieck's maple,,Sapindaceae,Angiosperm,,,,,,,,,Acer x dieckii
Acer,x rotund,,,Sapindaceae,Angiosperm,,,,,,,,,Acer x rotund
Acer,x rotundilobum,,,Sapindaceae,Angiosperm,,,,,,,,,Acer x rotundilobum
Ackama,australiensis,rose alder,,Cunoniaceae,Angiosperm,,,,,,,,,Ackama australiensis
Ackama,paniculata,soft corkwood,,Cunoniaceae,Angiosperm,,,,,,,,,Ackama paniculata
Acradenia,frankliniae,white wood,,Rutaceae,Angiosperm,,,,,,,,,Acradenia frankliniae
Acronychia,oblongifolia,white aspen,yellow wood,Rutaceae,Angiosperm,,,,,,,,,Acronychia oblongifolia
Adansonia,gregorii,boab,,Malvaceae,Angiosperm,,,,,,,,,Adansonia gregorii
Aesculus,flava,yellow buckeye,buckeye,Sapindaceae,Angiosperm,,,,,,,,,Aesculus flava
Aesculus,glabra var. arguta,California buckeye,California horsechestnut,Sapindaceae,Angiosperm,,,,,,,,,Aesculus glabra var. arguta
Aesculus,glabra var.glabra,western buckeye,Ohio buckeye,Sapindaceae,Angiosperm,,,,,,,,,Aesculus glabra var.glabra
Aesculus,hippocastanum,European horse chestnut,horse chestnut,Sapindaceae,Angiosperm,,,,,,,,,Aesculus hippocastanum
Aesculus,indica,Indian horse chestnut,,Sapindaceae,Angiosperm,,,,,,,,,Aesculus indica
Aesculus,parviflora,bottlebrush buckeye,,Sapindaceae,Angiosperm,,,,,,,,,Aesculus parviflora
Aesculus,sylvatica,dwarf buckeye,painted buckeye,Sapindaceae,Angiosperm,,,,,,,,,Aesculus sylvatica
Aesculus,turbinata,Japanese horse chestnut,,Sapindaceae,Angiosperm,,,,,,,,,Aesculus turbinata
Aesculus,x hybrida,hybrid buckeye,,Sapindaceae,Angiosperm,,,,,,,,,Aesculus x hybrida
Agathis,australis,kauri,,Araucariaceae,Gymnosperm,,,,,,,,,Agathis australis
Agathis,lanceolata,kopghis kauri,,Araucariaceae,Gymnosperm,,,,,,,,,Agathis lanceolata
Agathis,palmerstonii,kauri,,Araucariaceae,Gymnosperm,,,,,,,,,Agathis palmerstonii
Agathis,robusta,Queensland kauri,,Araucariaceae,Gymnosperm,,,,,,,,,Agathis robusta
Agonis,flexuosa,willow myrtle,,Myrtaceae,Angiosperm,,,,,,,,,Agonis flexuosa
Ailanthus,altissima,tree of heaven,,Simaroubaceae,Angiosperm,,,,,,,,,Ailanthus altissima
Ailanthus,altissima var. erythroarpa,tree of heaven,,Simaroubaceae,Angiosperm,,,,,,,,,Ailanthus altissima var. erythroarpa
Ailanthus,triphysa,white bean,white siris,Simaroubaceae,Angiosperm,,,,,,,,,Ailanthus triphysa
Ailanthus,vilmoriniana,downy tree of heaven,,Simaroubaceae,Angiosperm,,,,,,,,,Ailanthus vilmoriniana
Albizzia, julibrissin,Persian silk tree,pink silk tree,Fabaceae,Angiosperm,,,,,,,,,Albizzia  julibrissin
Albizzia,toona,Acacia cedar,,Fabaceae,Angiosperm,,,,,,,,,Albizzia toona
Albizzia,xanthoxylon,yellow bean,yellow siris,Fabaceae,Angiosperm,,,,,,,,,Albizzia xanthoxylon
Alectryon,excelsus,titoki,,Sapindaceae,Angiosperm,,,,,,,,,Alectryon excelsus
Alectryon,subcinereus,native quince,,Sapindaceae,Angiosperm,,,,,,,,,Alectryon subcinereus
Allocasuarina,decaisneana,desert oak,,Casuarinaceae,Angiosperm,,,,,,,,,Allocasuarina decaisneana
Allocasuarina,glareicola,,,Casuarinaceae,Angiosperm,,,,,,,,,Allocasuarina glareicola
Allocasuarina,inophloia,woolly oak,strigybark she-oak,Casuarinaceae,Angiosperm,,,,,,,,,Allocasuarina inophloia
Allocasuarina,littoralis,black she-oak,river black-oak,Casuarinaceae,Angiosperm,,,,,,,,,Allocasuarina littoralis
Allocasuarina,torulosa,forest she-oak,,Casuarinaceae,Angiosperm,,,,,,,,,Allocasuarina torulosa
Allocasuarina,verticillata,drooping she-oak,,Casuarinaceae,Angiosperm,,,,,,,,,Allocasuarina verticillata
Alloxylon,pinnatum,Dorrigo waratah,,Proteaceae,Angiosperm,,,,,,,,,Alloxylon pinnatum
Alloxylon ,wickhamii,satin oak,pink silky oak,Proteaceae,Angiosperm,,,,,,,,,Alloxylon  wickhamii
Alnus,glutinosa,alder,,Betulaceae,Angiosperm,,,,,,,,,Alnus glutinosa
Alnus,glutinosa ssp barbata,alder,,Betulaceae,Angiosperm,,,,,,,,,Alnus glutinosa ssp barbata
Alnus,incana,grey alder,,Betulaceae,Angiosperm,,,,,,,,,Alnus incana
Alnus,japonica ,Japanese alder,,Betulaceae,Angiosperm,,,,,,,,,Alnus japonica 
Alnus,spaethii,spaeth alder,,Betulaceae,Angiosperm,,,,,,,,,Alnus spaethii
Alnus,subcordata,Caucasian alder,,Betulaceae,Angiosperm,,,,,,,,,Alnus subcordata
Aloidendron,barberae,tree aloe,,Asphodelaceae,Angiosperm,,,,,,,,,Aloidendron barberae
Alphitonia,petriei,whire ash,,Rhamnaceae,Angiosperm,,,,,,,,,Alphitonia petriei
Alstonia,scholaris,blackboard tree,,Apocynaceae,Angiosperm,,,,,,,,,Alstonia scholaris
Anarcardium,occidentale,cashew,,Anacardiaceae,Angiosperm,,,,,,,,,Anarcardium occidentale
Angophora ,costata,Sydney red gum,smooth barked apple,Myrtaceae,Angiosperm,,,,,,,,,Angophora  costata
Anodopetalum,biglandulosum,horizontal,,Cunoniaceae,Angiosperm,,,,,,,,,Anodopetalum biglandulosum
Araucaria,angustifolia,parana pine,,Araucariaceae,Gymnosperm,,,,,,,,,Araucaria angustifolia
Araucaria,auracana,monkey puzzle tree,,Araucariaceae,Gymnosperm,,,,,,,,,Araucaria auracana
Araucaria,bidwillii,bunya pine,,Araucariaceae,Gymnosperm,,,,,,,,,Araucaria bidwillii
Araucaria,columnaris,Cook pine,New Caledonia pine,Araucariaceae,Gymnosperm,,,,,,,,,Araucaria columnaris
Araucaria,cunnininghamii,hoop pine,,Araucariaceae,Gymnosperm,,,,,,,,,Araucaria cunnininghamii
Araucaria,heterophylla,Norfolk Island pine,,Araucariaceae,Gymnosperm,,,,,,,,,Araucaria heterophylla
Araucaria,hunsteinii,klinki pine,,Araucariaceae,Gymnosperm,,,,,,,,,Araucaria hunsteinii
Araucaria,laubenfelsii,De Laubenfels ' araucaria,,Araucariaceae,Gymnosperm,,,,,,,,,Araucaria laubenfelsii
Araucaria,montana,mountain araucaria,,Araucariaceae,Gymnosperm,,,,,,,,,Araucaria montana
Araucaria,subulata,narrow-leaf araucaria,,Araucariaceae,Gymnosperm,,,,,,,,,Araucaria subulata
Arbutus,canariensis,madrone,Canary Islands strawberry,Ericaceae,Angiosperm,,,,,,,,,Arbutus canariensis
Arbutus,unedo,strawberry tree,Irish strawberry tree,Ericaceae,Angiosperm,,,,,,,,,Arbutus unedo
Archontophoenix,cunninghamiana,Bangalow palm,,Arecaceae,Angiosperm,,,,,,,,,Archontophoenix cunninghamiana
Archontophoenix,alexandrae,Alexandrs palm,king palm,Arecaceae,Angiosperm,,,,,,,,,Archontophoenix alexandrae
Arenga,undulatifolia,aren gelora,jaka,Arecaceae,Angiosperm,,,,,,,,,Arenga undulatifolia
Argyrodendron,actinophyllum,black booyong,black ash,Malvaceae,Angiosperm,,,,,,,,,Argyrodendron actinophyllum
Argyrodendron,trifoliolatum,white booyong,,Malvaceae,Angiosperm,,,,,,,,,Argyrodendron trifoliolatum
Aristotelia,serrata,wine berry,,Elaeocarpaceae,Angiosperm,,,,,,,,,Aristotelia serrata
Artocarpus,altilis,breadfruit,,Moraceae,Angiosperm,,,,,,,,,Artocarpus altilis
Astrocaryum,mexicanum,chocho palm,cohune palm,Arecaceae,Angiosperm,,,,,,,,,Astrocaryum mexicanum
Atherosperma,moschatum,southern sassafras,,Atherospermataceae,Angiosperm,,,,,,,,,Atherosperma moschatum
Athrotaxis,cupressoides,pencil pine,,Cupressaceae,Gymnosperm,,,,,,,,,Athrotaxis cupressoides
Athrotaxis, laxifolia,summit cedar,,Cupressaceae,Gymnosperm,,,,,,,,,Athrotaxis  laxifolia
Athrotaxis,selaginioides,king billy pine,,Cupressaceae,Gymnosperm,,,,,,,,,Athrotaxis selaginioides
Austrocedrus,chilensis,Chilean cedar,,Cupressaceae,Gymnosperm,,,,,,,,,Austrocedrus chilensis
Averrhoa,carambola,carambola,,Oxalidaceae,Angiosperm,,,,,,,,,Averrhoa carambola
Avicennia,marina var. resinifera,gray mangrove,,Acanthaceae,Angiosperm,,,,,,,,,Avicennia marina var. resinifera
Babingtonia,pluriflotra,tall baeckea,,Myrtaceae,Angiosperm,,,,,,,,,Babingtonia pluriflotra
Backhousia ,bancroftii,Bancroft's red gum,,Myrtaceae,Angiosperm,,,,,,,,,Backhousia  bancroftii
Backhousia ,citriodora,lemon myrtle,,Myrtaceae,Angiosperm,,,,,,,,,Backhousia  citriodora
Backhousia ,leptopetala,brush turpentine,,Myrtaceae,Angiosperm,,,,,,,,,Backhousia  leptopetala
Backhousia ,myrtifolia,carrol,grey myrtle,Myrtaceae,Angiosperm,,,,,,,,,Backhousia  myrtifolia
Banksia,aemula,wallum banksia,,Proteaceae,Angiosperm,,,,,,,,,Banksia aemula
Banksia,aquifolium,holly-leaved banksia,,Proteaceae,Angiosperm,,,,,,,,,Banksia aquifolium
Banksia,ericifoliia,heath-leaved banksia,,Proteaceae,Angiosperm,,,,,,,,,Banksia ericifoliia
Banksia,integrifolia,coast banksia,honeysuckle,Proteaceae,Angiosperm,,,,,,,,,Banksia integrifolia
Banksia,marginata,silver banksia,,Proteaceae,Angiosperm,,,,,,,,,Banksia marginata
Banksia,menziesii,firewood banksia,,Proteaceae,Angiosperm,,,,,,,,,Banksia menziesii
Banksia,oblongifolia,fern leaf banksia,,Proteaceae,Angiosperm,,,,,,,,,Banksia oblongifolia
Banksia,serrata,saw banksia,old man banksia,Proteaceae,Angiosperm,,,,,,,,,Banksia serrata
Banksia,spinulosa,hairpin banksia,,Proteaceae,Angiosperm,,,,,,,,,Banksia spinulosa
Bedfordia,arborescens,blanket leaf,,Asteraceae,Angiosperm,,,,,,,,,Bedfordia arborescens
Belschmeidia,tawa,tawa,,Lauraceae,Angiosperm,,,,,,,,,Belschmeidia tawa
Belschmeidia,bancroftii,yellow walnut,yellow nut,Lauraceae,Angiosperm,,,,,,,,,Belschmeidia bancroftii
Belschmeidia,obtusifolia,blush walnut,,Lauraceae,Angiosperm,,,,,,,,,Belschmeidia obtusifolia
Belschmeidia,tarairi,tarairi,,Lauraceae,Angiosperm,,,,,,,,,Belschmeidia tarairi
Berberis,lycioides,,,Berberidaceae,Angiosperm,,,,,,,,,Berberis lycioides
Berberis,pruinosa,hollyleaf barberry,holly green barbery,Berberidaceae,Angiosperm,,,,,,,,,Berberis pruinosa
Berberis,valdiviana,Valdivian barberry,,Berberidaceae,Angiosperm,,,,,,,,,Berberis valdiviana
Berberis,x crenulata,,,Berberidaceae,Angiosperm,,,,,,,,,Berberis x crenulata
Betula,affili????,,,Betulaceae,Angiosperm,,,,,,,,,Betula affili????
Betula,ermanii,Erman's birch,,Betulaceae,Angiosperm,,,,,,,,,Betula ermanii
Betula,insignis,,,Betulaceae,Angiosperm,,,,,,,,,Betula insignis
Betula,medwedewii,medwediew's birch,transcaucasian birch,Betulaceae,Angiosperm,,,,,,,,,Betula medwedewii
Betula,papyrifera,paper birch,canoe birch,Betulaceae,Angiosperm,,,,,,,,,Betula papyrifera
Betula,pendula,silver birch,warty birch,Betulaceae,Angiosperm,,,,,,,,,Betula pendula
Betula,pubescens,downy birch,moor birch,Betulaceae,Angiosperm,,,,,,,,,Betula pubescens
Betula,szechuanica,Sichuan birch,Szechuan birch,Betulaceae,Angiosperm,,,,,,,,,Betula szechuanica
Betula,utilis var prattii,Himalayan birch,,Betulaceae,Angiosperm,,,,,,,,,Betula utilis var prattii
Betula,utilus var. utilus,Himalayan birch,,Betulaceae,Angiosperm,,,,,,,,,Betula utilus var. utilus
Blepharocarya,involucrigera,rosebutternut,bollygum,Anacardiaceae,Angiosperm,,,,,,,,,Blepharocarya involucrigera
Blighia,sapida,ankye,akee,Sapindaceae,Angiosperm,,,,,,,,,Blighia sapida
Brachychiton,acerifolius,Illawarra flame tree,,Malvaceae,Angiosperm,,,,,,,,,Brachychiton acerifolius
Brachychiton,discolor,lacebark,,Malvaceae,Angiosperm,,,,,,,,,Brachychiton discolor
Brachychiton,populneus,kurrajong,,Malvaceae,Angiosperm,,,,,,,,,Brachychiton populneus
Brachychiton,rupestris,Queensland bottle tree,,Malvaceae,Angiosperm,,,,,,,,,Brachychiton rupestris
Brachyglottis,repanda,rangiora,,Asteraceae,Angiosperm,,,,,,,,,Brachyglottis repanda
Buckinghamia,celsissima,ivory curl tree,,Proteaceae,Angiosperm,,,,,,,,,Buckinghamia celsissima
Bursaria,spinosa,native blackthorn,,Pittosporaceae,Angiosperm,,,,,,,,,Bursaria spinosa
Butia,odorata,jelly palm,pindo palm,Arecaceae,Angiosperm,,,,,,,,,Butia odorata
Calleyra,australis,native wisteria,blunt wisteria,Fabaceae,Angiosperm,,,,,,,,,Calleyra australis
Calliandra,surinamensis,powder puff plant,,Fabaceae,Angiosperm,,,,,,,,,Calliandra surinamensis
Callistemon,acuminatus,tapering-leaved bottlebrush,,Myrtaceae,Angiosperm,,,,,,,,,Callistemon acuminatus
Callistemon,brachyandrus,prickly bottlebrush,,Myrtaceae,Angiosperm,,,,,,,,,Callistemon brachyandrus
Callistemon,montanus,mountain buttlebrush,,Myrtaceae,Angiosperm,,,,,,,,,Callistemon montanus
Callistemon,phoeniceus,scarlet bottlebrush,lesser bottlebrush,Myrtaceae,Angiosperm,,,,,,,,,Callistemon phoeniceus
Callistemon,polandii,gold-tipped bottlebrush,,Myrtaceae,Angiosperm,,,,,,,,,Callistemon polandii
Callistemon,polandii,gold-tipped bottlebrush,,Myrtaceae,Angiosperm,,,,,,,,,Callistemon polandii
Callistemon,polandii,gold-tipped bottlebrush,,Myrtaceae,Angiosperm,,,,,,,,,Callistemon polandii
Callistemon,shiressii,white flowering bottlebrush,,Myrtaceae,Angiosperm,,,,,,,,,Callistemon shiressii
Callistemon,viminalis,weeping bottlebrush,,Myrtaceae,Angiosperm,,,,,,,,,Callistemon viminalis
Callistemon,viridiflorus,green bottlebrush,,Myrtaceae,Angiosperm,,,,,,,,,Callistemon viridiflorus
Callitris,columellaris,white cypress pine,,Cupressaceae,Gymnosperm,,,,,,,,,Callitris columellaris
Callitris,endlicheri,black cypress pine,,Cupressaceae,Gymnosperm,,,,,,,,,Callitris endlicheri
Callitris,glaucophylla,white cypress pine,,Cupressaceae,Gymnosperm,,,,,,,,,Callitris glaucophylla
Callitris,macleayana,stringybark  pine,brush cypress,Cupressaceae,Gymnosperm,,,,,,,,,Callitris macleayana
Callitris,oblonga ssp. oblonga,South Esak pine,,Cupressaceae,Gymnosperm,,,,,,,,,Callitris oblonga ssp. oblonga
Callitris,rhomboidea,Oyster Bay pine,,Cupressaceae,Gymnosperm,,,,,,,,,Callitris rhomboidea
Calocedrus,decurrens,incense cedar,,Cupressaceae,Gymnosperm,,,,,,,,,Calocedrus decurrens
Calodendrum,capense,cape chestnut,,Rutaceae,Angiosperm,,,,,,,,,Calodendrum capense
Calophyllum,costatum,red touriga,satin mahogany,Calophyllaceae,Angiosperm,,,,,,,,,Calophyllum costatum
Calothamnus,quadrifidus,one-sided bottlebrush,,Myrtaceae,Angiosperm,,,,,,,,,Calothamnus quadrifidus
Canarium,australianum,mango bark,scrub turpentine,Burseraceae,Angiosperm,,,,,,,,,Canarium australianum
Canarium,indicum,galip nut,,Burseraceae,Angiosperm,,,,,,,,,Canarium indicum
Cardwellia,sublimus,northern silky oak,bull oak,Proteaceae,Angiosperm,,,,,,,,,Cardwellia sublimus
Carnarvonia,araliifolia,Caledonian oak,red oak,Proteaceae,Angiosperm,,,,,,,,,Carnarvonia araliifolia
Carpinus,betulus ,European hornbeam,hornbeam,Betulaceae,Angiosperm,,,,,,,,,Carpinus betulus 
Carpinus,"betulus ""Fastigiata""",European hornbeam,hornbeam,Betulaceae,Angiosperm,,,,,,,,,"Carpinus betulus ""Fastigiata"""
Carpinus,turczaninowii,Korean hornbeam,Turczaninow hornbeam,Betulaceae,Angiosperm,,,,,,,,,Carpinus turczaninowii
Carpinus,viminea,Himalayan hornbeam,,Betulaceae,Angiosperm,,,,,,,,,Carpinus viminea
Carpodetus,serratus,marbleleaf,,Rousseaceae,Angiosperm,,,,,,,,,Carpodetus serratus
Carya,glabra,pignut,pignut hickory,Juglandaceae,Angiosperm,,,,,,,,,Carya glabra
Carya,ovata var. pubescens,shagbark hickory,Carolina hickory,Juglandaceae,Angiosperm,,,,,,,,,Carya ovata var. pubescens
Carya,tomentosa,mockernut hickory,,Juglandaceae,Angiosperm,,,,,,,,,Carya tomentosa
Cassinia,trinerva,three-nerved cassinia,,Asteraceae,Angiosperm,,,,,,,,,Cassinia trinerva
Castanea,crenata,Japanese chestnut,,Fagaceae,Angiosperm,,,,,,,,,Castanea crenata
Castanea,henryi,Henry chestnut,Chinese chinquapin,Fagaceae,Angiosperm,,,,,,,,,Castanea henryi
Castanea,sativa,chestnut,sweet chestnut,Fagaceae,Angiosperm,,,,,,,,,Castanea sativa
Castanospermum,australe,blackbean,Moreton Bay chestnut,Fabaceae,Angiosperm,,,,,,,,,Castanospermum australe
Casuarina,collina,,,Casuarinaceae,Angiosperm,,,,,,,,,Casuarina collina
Casuarina,cristata,belah,,Casuarinaceae,Angiosperm,,,,,,,,,Casuarina cristata
Casuarina,cunninghamiana,river oak,river she-oak,Casuarinaceae,Angiosperm,,,,,,,,,Casuarina cunninghamiana
Casuarina,glauca,swamp she-oak,,Casuarinaceae,Angiosperm,,,,,,,,,Casuarina glauca
Casuarina,torulosa,forest she-oak,rose she-oak,Casuarinaceae,Angiosperm,,,,,,,,,Casuarina torulosa
Catalpa,bignonioides,Indian bean tree,cigartree,Bignoniaceae,Angiosperm,,,,,,,,,Catalpa bignonioides
Catalpa,bungei,dwafr Indian Bean,Manchurian catalpa,Bignoniaceae,Angiosperm,,,,,,,,,Catalpa bungei
Catalpa,fargesii,Chinese bean tree,,Bignoniaceae,Angiosperm,,,,,,,,,Catalpa fargesii
Cedrus,atlantica,atlas cedar,atlantic cedar,Pinaceae,Gymnosperm,,,,,,,,,Cedrus atlantica
Cedrus,brevifolia,Cyprus cedar,,Pinaceae,Gymnosperm,,,,,,,,,Cedrus brevifolia
Cedrus,deodara,deodar,,Pinaceae,Gymnosperm,,,,,,,,,Cedrus deodara
Cedrus,libani,cedar of Lebanon,,Pinaceae,Gymnosperm,,,,,,,,,Cedrus libani
Ceiba,speciosa,floss silk,,Malvaceae,Angiosperm,,,,,,,,,Ceiba speciosa
Celtis,australis,European nettle tree,European hackberry,Cannabaceae,Angiosperm,,,,,,,,,Celtis australis
Celtis,occidentalis,hackberry,,Cannabaceae,Angiosperm,,,,,,,,,Celtis occidentalis
Celtis,sinensis,Chinese celtis,,Cannabaceae,Angiosperm,,,,,,,,,Celtis sinensis
Celtis,tenuifolia,dwarf hackberry,Georgia hackberry,Cannabaceae,Angiosperm,,,,,,,,,Celtis tenuifolia
Celtis,vandervoetiana,,,Cannabaceae,Angiosperm,,,,,,,,,Celtis vandervoetiana
Cenarrhenes,nitida,native plum,,Proteaceae,Angiosperm,,,,,,,,,Cenarrhenes nitida
Cephalotaxus,fortunei,Chinese plum yew,plum yew,Cephalotaxaceae,Angiosperm,,,,,,,,,Cephalotaxus fortunei
Ceratopetalum,apetalum,coachwood,,Cunoniaceae,Angiosperm,,,,,,,,,Ceratopetalum apetalum
Ceratopetalum,succirubrum,satin sycamore,blood in the bark,Cunoniaceae,Angiosperm,,,,,,,,,Ceratopetalum succirubrum
Cerbera,floribunda,cassowary plum,,Apocynaceae,Angiosperm,,,,,,,,,Cerbera floribunda
Cerciiphyllum,japonicum,katsura,,Cercidiphyllaceae,Angiosperm,,,,,,,,,Cerciiphyllum japonicum
Cerciiphyllum,japonicum var. magnificum,katsura,magnificent katsura,Cercidiphyllaceae,Angiosperm,,,,,,,,,Cerciiphyllum japonicum var. magnificum
Cerciiphyllum,magnificum,katsura,magnificent katsura,Cercidiphyllaceae,Angiosperm,,,,,,,,,Cerciiphyllum magnificum
Cercis,glabra,smooth redbud,Yunnan redbud,Fabaceae,Angiosperm,,,,,,,,,Cercis glabra
Cercis,siliquastrum,Judas tree,,Fabaceae,Angiosperm,,,,,,,,,Cercis siliquastrum
Cestrum,parqui,green cestrum,,Solanaceae,Angiosperm,,,,,,,,,Cestrum parqui
Chamaecyparis,lawsoniana,Port Orford cedar,Lawson cypress,Cupressaceae,Gymnosperm,,,,,,,,,Chamaecyparis lawsoniana
Chamaecyparis,nootkatensis,Nootka cypress,Alskan cedar,Cupressaceae,Gymnosperm,,,,,,,,,Chamaecyparis nootkatensis
Chamaecyparis,obtusa,Hinoki cypress,,Cupressaceae,Gymnosperm,,,,,,,,,Chamaecyparis obtusa
Chionanthus,retusus,Chinese fringetree,,Oleaceae,Angiosperm,,,,,,,,,Chionanthus retusus
Choricarpia ,leptopetala,brown myrtle,,Myrtaceae,Angiosperm,,,,,,,,,Choricarpia  leptopetala
Choricarpia ,subargentea,giant ironwood,scrub ironwood,Myrtaceae,Angiosperm,,,,,,,,,Choricarpia  subargentea
Chrysophyllum,cainito,star apple,,Sapotaceae,Angiosperm,,,,,,,,,Chrysophyllum cainito
Cinnamomum,camphora,camphor laurel,camphor tree,Lauraceae,Angiosperm,,,,,,,,,Cinnamomum camphora
Cinnamomum,laubatii,pepperwood,cassia cinnamon,Lauraceae,Angiosperm,,,,,,,,,Cinnamomum laubatii
Citrus,australasica,finger lime,caviar lime,Rutaceae,Angiosperm,,,,,,,,,Citrus australasica
Citrus,glauca,desert lime,,Rutaceae,Angiosperm,,,,,,,,,Citrus glauca
Cladastris,kentukea,Kentucky yellowwood,American yellowwood,Fabaceae,Angiosperm,,,,,,,,,Cladastris kentukea
Cladastris,"kentukea ""Perkins Pink'",Perkins pink yellowwood,,Fabaceae,Angiosperm,,,,,,,,,"Cladastris kentukea ""Perkins Pink'"
Cladastris,platycarpa,Japanese yellowwood,,Fabaceae,Angiosperm,,,,,,,,,Cladastris platycarpa
Clethra,arborea,lily of the valley tree,,Clethraceae,Angiosperm,,,,,,,,,Clethra arborea
Clethra,barbinervis,Japanese clethra,,Clethraceae,Angiosperm,,,,,,,,,Clethra barbinervis
Coccoloba,uvifera,sea grape,,Polygonaceae,Angiosperm,,,,,,,,,Coccoloba uvifera
Cocos,nucifera,coconut,,Arecaceae,Angiosperm,,,,,,,,,Cocos nucifera
Coffea,arabica,Arabic coffee,coffee,Rubiaceae,Angiosperm,,,,,,,,,Coffea arabica
Combretum,caffrum,cape bushwillow,,Combretaceae,Angiosperm,,,,,,,,,Combretum caffrum
Commersonia,rossii,southern brush kurrajong,,Malvaceae,Angiosperm,,,,,,,,,Commersonia rossii
Coprosma,quadrifida,prickly currant bush,,Rubiaceae,Angiosperm,,,,,,,,,Coprosma quadrifida
Cordyline,australis,cabbage tree,,Asparagaceae,Angiosperm,,,,,,,,,Cordyline australis
Cordyline,indivisa,mountain cabbage tree,bush fkax,Asparagaceae,Angiosperm,,,,,,,,,Cordyline indivisa
Cornus,domestica f. pomifera,service tree,,Cornaceae,Angiosperm,,,,,,,,,Cornus domestica f. pomifera
Cornus,kousa,dogwood,,Cornaceae,Angiosperm,,,,,,,,,Cornus kousa
Cornus,kousa var. chinensis,dogwood,,Cornaceae,Angiosperm,,,,,,,,,Cornus kousa var. chinensis
Cornus,mas,cornel,Cornelian cherry,Cornaceae,Angiosperm,,,,,,,,,Cornus mas
Cornus,obovatus,American smoke tree,royal purple smoke bush,Cornaceae,Angiosperm,,,,,,,,,Cornus obovatus
Corylus,chinensis,Chinese filbert,Chinese hazel,Betulaceae,Angiosperm,,,,,,,,,Corylus chinensis
Corylus,colurna,Turkish hazel,Turkish filbert,Betulaceae,Angiosperm,,,,,,,,,Corylus colurna
Corymbia,aparrerinja,ghost gum,,Myrtaceae,Angiosperm,,,,,,,,,Corymbia aparrerinja
Corymbia,calophylla,marri,,Myrtaceae,Angiosperm,,,,,,,,,Corymbia calophylla
Corymbia,citriodora,lemon scented gum,,Myrtaceae,Angiosperm,,,,,,,,,Corymbia citriodora
Corymbia,eximia,yellow bloodwood,,Myrtaceae,Angiosperm,,,,,,,,,Corymbia eximia
Corymbia,ficifolia,red flowering gum,,Myrtaceae,Angiosperm,,,,,,,,,Corymbia ficifolia
Corymbia,intermedia,pink bloodwood,,Myrtaceae,Angiosperm,,,,,,,,,Corymbia intermedia
Corymbia,maculata,spotted gum,,Myrtaceae,Angiosperm,,,,,,,,,Corymbia maculata
Corymbia,tessellaris,carbeen,Moreton Bay ash,Myrtaceae,Angiosperm,,,,,,,,,Corymbia tessellaris
Cotinus,coggygria,smoke bush,smoke tree,Anacardiaceae,Angiosperm,,,,,,,,,Cotinus coggygria
Cotinus,obovatus,American smoke tree,,Anacardiaceae,Angiosperm,,,,,,,,,Cotinus obovatus
Cotoneaster,glaucophyllus,large leaf cotoneaster,,Rosaceae,Angiosperm,,,,,,,,,Cotoneaster glaucophyllus
Couroupita,guianensis,cannonball gtree,,Lecythidaceae,Angiosperm,,,,,,,,,Couroupita guianensis
Crataegus,chrysocarpa,fireberry hawthorn,,Rosaceae,Angiosperm,,,,,,,,,Crataegus chrysocarpa
Crataegus,douglasii,black hawthorn,Douglas thornapple,Rosaceae,Angiosperm,,,,,,,,,Crataegus douglasii
Crataegus,laevigata 'plena alba',plena,double white hawthorn,Rosaceae,Angiosperm,,,,,,,,,Crataegus laevigata 'plena alba'
Crataegus,monogyna 'Horrida',common hawthorn,one-seed hawthorn,Rosaceae,Angiosperm,,,,,,,,,Crataegus monogyna 'Horrida'
Crataegus,succulenta,fleshy hawthorn,succulent hawthorn,Rosaceae,Angiosperm,,,,,,,,,Crataegus succulenta
Crescentia,alata ,Mexican calabash,jicaro,Bignoniaceae,Angiosperm,,,,,,,,,Crescentia alata 
Cryptomeria,japonica,sugi,Japanese cedar,Cupressaceae,Gymnosperm,,,,,,,,,Cryptomeria japonica
Cryptocarya,corrugata,acidwood,,Lauraceae,Angiosperm,,,,,,,,,Cryptocarya corrugata
Cryptocarya,erythroxylon,pigeonberry ash,,Lauraceae,Angiosperm,,,,,,,,,Cryptocarya erythroxylon
Cryptocarya,oblata,bolly silkwood,northern pepper berry,Lauraceae,Angiosperm,,,,,,,,,Cryptocarya oblata
Cunninghamia,lanceolata,China fir,,Cupressaceae,Gymnosperm,,,,,,,,,Cunninghamia lanceolata
Cupaniopsis,anacardioides,tuckeroo,carrotwood,Sapindaceae,Angiosperm,,,,,,,,,Cupaniopsis anacardioides
Cupressocyparis,x leylandii,leylandii,,Cupressaceae,Gymnosperm,,,,,,,,,Cupressocyparis x leylandii
Cupressus,cashmeriana,Kashmir cypress ,Bhutan weeping cypress,Cupressaceae,Gymnosperm,,,,,,,,,Cupressus cashmeriana
Cupressus,duclouxiana,Chinese cypress,,Cupressaceae,Gymnosperm,,,,,,,,,Cupressus duclouxiana
Cupressus,dupreziana ,tarout,Saharan cypress,Cupressaceae,Gymnosperm,,,,,,,,,Cupressus dupreziana 
Cupressus,lusitanica,Mexican cedar,,Cupressaceae,Gymnosperm,,,,,,,,,Cupressus lusitanica
Cupressus,macrocarpa,macrocarpa,Monterey cypress,Cupressaceae,Gymnosperm,,,,,,,,,Cupressus macrocarpa
Cupressus,sempervirens,Mediterranean cypress,,Cupressaceae,Gymnosperm,,,,,,,,,Cupressus sempervirens
Cupressus,torulosa,Bhutan cypress,,Cupressaceae,Gymnosperm,,,,,,,,,Cupressus torulosa
Cussonia,spicata,spiked cabbage tree,cabbage tree,Araliaceae,Angiosperm,,,,,,,,,Cussonia spicata
Cyathea,australis,roughy tree fern,,Cyatheaceae,Other,,,,,,,,,Cyathea australis
Cyathea,cooperi,Australian tree fern,,Cyatheaceae,Other,,,,,,,,,Cyathea cooperi
Cyclobalanopsis,glauca,ring-cupped oak,Japanese blue oak,Fagaceae,Angiosperm,,,,,,,,,Cyclobalanopsis glauca
Cytisus,proliferus,tagasaste,tree lucerne,Fabaceae,Angiosperm,,,,,,,,,Cytisus proliferus
Dacrycarpus,dacrydiodes,kahikatea,white pine,Podocarpaceae,Gymnosperm,,,,,,,,,Dacrycarpus dacrydiodes
Dacrydium,cupressinum,rimu,,Podocarpaceae,Gymnosperm,,,,,,,,,Dacrydium cupressinum
Dacrydium,dacrydioides,kahikatea,,Podocarpaceae,Gymnosperm,,,,,,,,,Dacrydium dacrydioides
Dais,cotinifolia,pom pom tree,African button-flower,Thymelaeaceae,Angiosperm,,,,,,,,,Dais cotinifolia
Davidia,involucrata,dove tree,handkerchief tree,Nyssaceae,Angiosperm,,,,,,,,,Davidia involucrata
Decaspermum ,humile,silky myrtle,,Myrtaceae,Angiosperm,,,,,,,,,Decaspermum  humile
Delonix,regia,poinciana,,Fabaceae,Angiosperm,,,,,,,,,Delonix regia
Dicksonia,antarctica,soft tree fern,man fern,Dicksoniaceae,Other,,,,,,,,,Dicksonia antarctica
Dinosperma,erythrococcum,clubwood,tingletongue,Rutaceae,Angiosperm,,,,,,,,,Dinosperma erythrococcum
Diospyros,dichrophylla,poison star apple,,Ebenaceae,Angiosperm,,,,,,,,,Diospyros dichrophylla
Diospyros,lotus,date plum,,Ebenaceae,Angiosperm,,,,,,,,,Diospyros lotus
Diospyros,pentamera,myrtle ebony,,Ebenaceae,Angiosperm,,,,,,,,,Diospyros pentamera
Diospyros,whyteana,bladder nut,,Ebenaceae,Angiosperm,,,,,,,,,Diospyros whyteana
Dissiliaria,baloghioides,blackheart,lancewood,Euphorbiaceae,Angiosperm,,,,,,,,,Dissiliaria baloghioides
Dodonaea,megazyga,showy hopbush,,Sapindaceae,Angiosperm,,,,,,,,,Dodonaea megazyga
Dodonaea,rhombifolia,broad leaf hop bush,,Sapindaceae,Angiosperm,,,,,,,,,Dodonaea rhombifolia
Doryphora,sassafras,sassafras,,Atherospermataceae,Angiosperm,,,,,,,,,Doryphora sassafras
Dracaena,draco,dragon tree,,Asparagaceae,Angiosperm,,,,,,,,,Dracaena draco
Dysoxylum,fraserianum,rose wood,,Meliaceae,Angiosperm,,,,,,,,,Dysoxylum fraserianum
Dysoxylum,parasiticum,yellow mahogany,,Meliaceae,Angiosperm,,,,,,,,,Dysoxylum parasiticum
Dysoxylum,pettigrewianum,spur mahogany,spurwood,Meliaceae,Angiosperm,,,,,,,,,Dysoxylum pettigrewianum
Elaeis,guineensis,oil palm,macaw-fat,Arecaceae,Angiosperm,,,,,,,,,Elaeis guineensis
Elaeocarpus,coorangooloo,brown quandong,,Elaeocarpaceae,Angiosperm,,,,,,,,,Elaeocarpus coorangooloo
Elaeocarpus,dentata,hinau,,Elaeocarpaceae,Angiosperm,,,,,,,,,Elaeocarpus dentata
Elaeocarpus,grandis,blue quandong,,Elaeocarpaceae,Angiosperm,,,,,,,,,Elaeocarpus grandis
Elaeocarpus,hookerianus,pokaka,,Elaeocarpaceae,Angiosperm,,,,,,,,,Elaeocarpus hookerianus
Elaeocarpus,reticulatis,blueberry ash,,Elaeocarpaceae,Angiosperm,,,,,,,,,Elaeocarpus reticulatis
Elaeocarpus,ruminatus,brown quandong,,Elaeocarpaceae,Angiosperm,,,,,,,,,Elaeocarpus ruminatus
Elaeodendron,australe,red olive plum,red olive berry,Celastraceae,Angiosperm,,,,,,,,,Elaeodendron australe
Elaeodendron,croceum,African holly,,Celastraceae,Angiosperm,,,,,,,,,Elaeodendron croceum
Electryon,excelsus,titoki,,Sapindaceae,Angiosperm,,,,,,,,,Electryon excelsus
Endiandra,palmerstonii,Queensland walnut,,Lauraceae,Angiosperm,,,,,,,,,Endiandra palmerstonii
Endospermum,medullosom,whitewood,,Euphorbiaceae,Angiosperm,,,,,,,,,Endospermum medullosom
Entandrophragma,cylindricum,sapele,sapele mahogany,Meliaceae,Angiosperm,,,,,,,,,Entandrophragma cylindricum
Eriobotrya,japonica,loquat,,Rosaceae,Angiosperm,,,,,,,,,Eriobotrya japonica
Erythrina,caffra,coral tree,African coral tree,Fabaceae,Angiosperm,,,,,,,,,Erythrina caffra
Erythrina,crista-galli,cockscomb coral tree,,Fabaceae,Angiosperm,,,,,,,,,Erythrina crista-galli
Erythrina,velutina,suina,mulungu,Fabaceae,Angiosperm,,,,,,,,,Erythrina velutina
Eucalyptus,acmenioides,white mahogany,barayly,Myrtaceae,Angiosperm,,,,,,,,,Eucalyptus acmenioides
Eucalyptus,albopurpurea,purple-flowered mallee box,Port Licoln mallee,Myrtaceae,Angiosperm,,,,,,,,,Eucalyptus albopurpurea
Eucalyptus,andrewsii,New England blackbutt,,Myrtaceae,Angiosperm,,,,,,,,,Eucalyptus andrewsii
Eucalyptus,andrewsii subsp campanulata,,,Myrtaceae,Angiosperm,,,,,,,,,Eucalyptus andrewsii subsp campanulata
Eucalyptus,argophloia,Queensland white gum,scrub gum,Myrtaceae,Angiosperm,,,,,,,,,Eucalyptus argophloia
Eucalyptus,bancroftii,Bancoft's red gum,,Myrtaceae,Angiosperm,,,,,,,,,Eucalyptus bancroftii
Eucalyptus,baxteri,brown stringybark,,Myrtaceae,Angiosperm,,,,,,,,,Eucalyptus baxteri
Eucalyptus,benthamii,Camden white gum,,Myrtaceae,Angiosperm,,,,,,,,,Eucalyptus benthamii
Eucalyptus,botryoides,bangalay,southern mahogany,Myrtaceae,Angiosperm,,,,,,,,,Eucalyptus botryoides
Eucalyptus,bridgesiana,apple box,,Myrtaceae,Angiosperm,,,,,,,,,Eucalyptus bridgesiana
Eucalyptus,caesia,caesia,gungurru,Myrtaceae,Angiosperm,,,,,,,,,Eucalyptus caesia
Eucalyptus,caliginosa,broad-leaved sgtringybark,,Myrtaceae,Angiosperm,,,,,,,,,Eucalyptus caliginosa
Eucalyptus,camaldulensis,river red gum,,Myrtaceae,Angiosperm,,,,,,,,,Eucalyptus camaldulensis
Eucalyptus,cinerea,Argyle apple,mealy stringybark,Myrtaceae,Angiosperm,,,,,,,,,Eucalyptus cinerea
Eucalyptus,cinerea subsp. triplex,,,Myrtaceae,Angiosperm,,,,,,,,,Eucalyptus cinerea subsp. triplex
Eucalyptus,cladocalyx,sugar gum,,Myrtaceae,Angiosperm,,,,,,,,,Eucalyptus cladocalyx
Eucalyptus,cloeziana,Gympie messmate ,dead finish,Myrtaceae,Angiosperm,,,,,,,,,Eucalyptus cloeziana
Eucalyptus,cosmophylla,cup gum,bog gum,Myrtaceae,Angiosperm,,,,,,,,,Eucalyptus cosmophylla
Eucalyptus,crebra,narrow-leaved ironbark,ironbark,Myrtaceae,Angiosperm,,,,,,,,,Eucalyptus crebra
Eucalyptus,cunnunghamii,cliff mallee ash,,Myrtaceae,Angiosperm,,,,,,,,,Eucalyptus cunnunghamii
Eucalyptus,cypellocarpa,mountain grey gum,,Myrtaceae,Angiosperm,,,,,,,,,Eucalyptus cypellocarpa
Eucalyptus,dalrympleana,mountain gum,mountain white gum,Myrtaceae,Angiosperm,,,,,,,,,Eucalyptus dalrympleana
Eucalyptus,deanei,mountain blue gum,,Myrtaceae,Angiosperm,,,,,,,,,Eucalyptus deanei
Eucalyptus,deglupta,rainbow eucalyptus,,Myrtaceae,Angiosperm,,,,,,,,,Eucalyptus deglupta
Eucalyptus,delegatensis,alpine ash,,Myrtaceae,Angiosperm,,,,,,,,,Eucalyptus delegatensis
Eucalyptus,diversicolor,karri,,Myrtaceae,Angiosperm,,,,,,,,,Eucalyptus diversicolor
Eucalyptus,dives,broad-leaved peppermint,,Myrtaceae,Angiosperm,,,,,,,,,Eucalyptus dives
Eucalyptus,drepanophylla,Queensland grey ironbark,,Myrtaceae,Angiosperm,,,,,,,,,Eucalyptus drepanophylla
Eucalyptus,elata,river peppermint,river white gum,Myrtaceae,Angiosperm,,,,,,,,,Eucalyptus elata
Eucalyptus,eugenioides,thin-leaved stringybark,white stringybark,Myrtaceae,Angiosperm,,,,,,,,,Eucalyptus eugenioides
Eucalyptus,gillii,curly mallee,Arkaroola mallee,Myrtaceae,Angiosperm,,,,,,,,,Eucalyptus gillii
Eucalyptus,globulus,blue gum,Tasmanian blue gum,Myrtaceae,Angiosperm,,,,,,,,,Eucalyptus globulus
Eucalyptus,grandis,flooded gum,rose gum,Myrtaceae,Angiosperm,,,,,,,,,Eucalyptus grandis
Eucalyptus,haemastoma,scribbly gum,,Myrtaceae,Angiosperm,,,,,,,,,Eucalyptus haemastoma
Eucalyptus,jacksonii,red tingle,,Myrtaceae,Angiosperm,,,,,,,,,Eucalyptus jacksonii
Eucalyptus,laeliae,butter gum,Darling Range ghost gum,Myrtaceae,Angiosperm,,,,,,,,,Eucalyptus laeliae
Eucalyptus,laevopinea,silver top stringy bark,,Myrtaceae,Angiosperm,,,,,,,,,Eucalyptus laevopinea
Eucalyptus,langleyi,green mallee ash,albatross mallee,Myrtaceae,Angiosperm,,,,,,,,,Eucalyptus langleyi
Eucalyptus,lehmannii,bushy yate,,Myrtaceae,Angiosperm,,,,,,,,,Eucalyptus lehmannii
Eucalyptus,leucoxylon,yellow gum,,Myrtaceae,Angiosperm,,,,,,,,,Eucalyptus leucoxylon
Eucalyptus,litoralis,Anglesea box,,Myrtaceae,Angiosperm,,,,,,,,,Eucalyptus litoralis
Eucalyptus,maccrorhycha,red stringybark,,Myrtaceae,Angiosperm,,,,,,,,,Eucalyptus maccrorhycha
Eucalyptus,mannifera,brittle gum,,Myrtaceae,Angiosperm,,,,,,,,,Eucalyptus mannifera
Eucalyptus,marginata,jarrah,,Myrtaceae,Angiosperm,,,,,,,,,Eucalyptus marginata
Eucalyptus,megacarpa,bullich,,Myrtaceae,Angiosperm,,,,,,,,,Eucalyptus megacarpa
Eucalyptus,melanophloia,silver-leaved ironbark,,Myrtaceae,Angiosperm,,,,,,,,,Eucalyptus melanophloia
Eucalyptus,melliodora,yellow box,honey baox,Myrtaceae,Angiosperm,,,,,,,,,Eucalyptus melliodora
Eucalyptus,michaeliana,hillgrove,,Myrtaceae,Angiosperm,,,,,,,,,Eucalyptus michaeliana
Eucalyptus,microcorys,tallowwood,,Myrtaceae,Angiosperm,,,,,,,,,Eucalyptus microcorys
Eucalyptus,morrisbyi,Morrisbys gum,,Myrtaceae,Angiosperm,,,,,,,,,Eucalyptus morrisbyi
Eucalyptus,nortonii,bundy,mealy bundy,Myrtaceae,Angiosperm,,,,,,,,,Eucalyptus nortonii
Eucalyptus,obliqua,messmate,,Myrtaceae,Angiosperm,,,,,,,,,Eucalyptus obliqua
Eucalyptus,paniculata,grey ironbark,,Myrtaceae,Angiosperm,,,,,,,,,Eucalyptus paniculata
Eucalyptus,pauciflora,snow gum,cabbage gum,Myrtaceae,Angiosperm,,,,,,,,,Eucalyptus pauciflora
Eucalyptus,petiolaris,Eyre Peninsula blue gum,water gum,Myrtaceae,Angiosperm,,,,,,,,,Eucalyptus petiolaris
Eucalyptus,pilularis,blackbutt,,Myrtaceae,Angiosperm,,,,,,,,,Eucalyptus pilularis
Eucalyptus,polyanthemos,red box,,Myrtaceae,Angiosperm,,,,,,,,,Eucalyptus polyanthemos
Eucalyptus,polybractea,blue mallee,,Myrtaceae,Angiosperm,,,,,,,,,Eucalyptus polybractea
Eucalyptus,propinqua,grey gum,,Myrtaceae,Angiosperm,,,,,,,,,Eucalyptus propinqua
Eucalyptus,pulchella,white peppermint,,Myrtaceae,Angiosperm,,,,,,,,,Eucalyptus pulchella
Eucalyptus,punctata,grey gum,,Myrtaceae,Angiosperm,,,,,,,,,Eucalyptus punctata
Eucalyptus,racemosa,snappy gum,,Myrtaceae,Angiosperm,,,,,,,,,Eucalyptus racemosa
Eucalyptus,redunca,black marlock,,Myrtaceae,Angiosperm,,,,,,,,,Eucalyptus redunca
Eucalyptus,regnans,mountain ash,swamp gum,Myrtaceae,Angiosperm,,,,,,,,,Eucalyptus regnans
Eucalyptus,resinifera,red mahogany,,Myrtaceae,Angiosperm,,,,,,,,,Eucalyptus resinifera
Eucalyptus,robertsonii,Robertson's peppermint,,Myrtaceae,Angiosperm,,,,,,,,,Eucalyptus robertsonii
Eucalyptus,robusta,swamp mahogany,swamp messmate,Myrtaceae,Angiosperm,,,,,,,,,Eucalyptus robusta
Eucalyptus,rossii,inland scribbly gum,white gum,Myrtaceae,Angiosperm,,,,,,,,,Eucalyptus rossii
Eucalyptus,saligna,Sydney blue gum,,Myrtaceae,Angiosperm,,,,,,,,,Eucalyptus saligna
Eucalyptus,salmonophloia,salmon gum,wurak,Myrtaceae,Angiosperm,,,,,,,,,Eucalyptus salmonophloia
Eucalyptus,saxatilis,Suggan Buggan mallee,Mount Wheeler mallee,Myrtaceae,Angiosperm,,,,,,,,,Eucalyptus saxatilis
Eucalyptus,scoparia,Wallangarra white gum,willow gum,Myrtaceae,Angiosperm,,,,,,,,,Eucalyptus scoparia
Eucalyptus,sideroxylon,ironbark,red ironbark,Myrtaceae,Angiosperm,,,,,,,,,Eucalyptus sideroxylon
Eucalyptus,sieberi,silvertop ash,black ash,Myrtaceae,Angiosperm,,,,,,,,,Eucalyptus sieberi
Eucalyptus,terteticornis,forest red gum,blue gum,Myrtaceae,Angiosperm,,,,,,,,,Eucalyptus terteticornis
Eucalyptus,torelliana,cadaghi,cadaga,Myrtaceae,Angiosperm,,,,,,,,,Eucalyptus torelliana
Eucalyptus,tricarpa,mugga ironbark,red ironbark,Myrtaceae,Angiosperm,,,,,,,,,Eucalyptus tricarpa
Eucalyptus,urograndis,,,Myrtaceae,Angiosperm,,,,,,,,,Eucalyptus urograndis
Eucalyptus,viminalis,manna gum,ribbon gum,Myrtaceae,Angiosperm,,,,,,,,,Eucalyptus viminalis
Eucalyptus,viridis,green mallee ,,Myrtaceae,Angiosperm,,,,,,,,,Eucalyptus viridis
Eucommia,ulmoides,du zhong,,Eucommiaceae,Angiosperm,,,,,,,,,Eucommia ulmoides
Eucryphia,lucida,leatherwood,,Cunoniaceae,Angiosperm,,,,,,,,,Eucryphia lucida
Eucryphia,cordifolia,ulmo,,Cunoniaceae,Angiosperm,,,,,,,,,Eucryphia cordifolia
Eugenia,gustavioides,grey satinash,,Myrtaceae,Angiosperm,,,,,,,,,Eugenia gustavioides
Eugenia,kuranda,cherry penda,cherry satinash,Myrtaceae,Angiosperm,,,,,,,,,Eugenia kuranda
Euodia,vitiflora,fishpoison wood,leatherjacket,Rutaceae,Angiosperm,,,,,,,,,Euodia vitiflora
Euonymus,alatus,burning bush,,Celastraceae,Angiosperm,,,,,,,,,Euonymus alatus
Euonymus,japoinicus 'aureo-marginatus',golden Euonymus,,Celastraceae,Angiosperm,,,,,,,,,Euonymus japoinicus 'aureo-marginatus'
Euroschinus,falcata var falcata,pink poplar,ribbonwood,Anacardiaceae,Angiosperm,,,,,,,,,Euroschinus falcata var falcata
Eustrephus,latifolius,wombat berry,,Asparagaceae,Angiosperm,,,,,,,,,Eustrephus latifolius
Exocarpus,cupressiformis,native cherry,cherry ballart,Santalaceae,Angiosperm,,,,,,,,,Exocarpus cupressiformis
Fagus,engleriana,Engler's beech,Chinese beech,Fagaceae,Angiosperm,,,,,,,,,Fagus engleriana
Fagus,sylvatica,European beech,common beech,Fagaceae,Angiosperm,,,,,,,,,Fagus sylvatica
Fagus,"sylvatica 'Purpurea""",copper beech,purple beech,Fagaceae,Angiosperm,,,,,,,,,"Fagus sylvatica 'Purpurea"""
Ficus,benjamina,weeping fig,benjamin fig,Moraceae,Angiosperm,,,,,,,,,Ficus benjamina
Ficus,carica,common fig,,Moraceae,Angiosperm,,,,,,,,,Ficus carica
Ficus,dammaropsis,kapiak,dinner plate fig,Moraceae,Angiosperm,,,,,,,,,Ficus dammaropsis
Ficus,destruens,boonjee fig,,Moraceae,Angiosperm,,,,,,,,,Ficus destruens
Ficus,macrophylla,Moreton Bay fig,Australian banyan,Moraceae,Angiosperm,,,,,,,,,Ficus macrophylla
Ficus,macrophylla F.columnaris,,,Moraceae,Angiosperm,,,,,,,,,Ficus macrophylla F.columnaris
Ficus,platypoda,desert fig,rock fig,Moraceae,Angiosperm,,,,,,,,,Ficus platypoda
Ficus,rubiginosa,Port Jackson fig,rusty fig,Moraceae,Angiosperm,,,,,,,,,Ficus rubiginosa
Ficus,watkinsiana,strangler fig,nipple fig,Moraceae,Angiosperm,,,,,,,,,Ficus watkinsiana
Firmiana,simplex,Chinese parasol tree,wutong,Malvaceae,Angiosperm,,,,,,,,,Firmiana simplex
Flindersia,acuminata,silver silkwood,icewood,Rutaceae,Angiosperm,,,,,,,,,Flindersia acuminata
Flindersia,australis,crow's ash,flindosy,Rutaceae,Angiosperm,,,,,,,,,Flindersia australis
Flindersia,brayleyana,Queensland maple,maple silkwood,Rutaceae,Angiosperm,,,,,,,,,Flindersia brayleyana
Flindersia,ifflana,hickory ash,Cairns hickory,Rutaceae,Angiosperm,,,,,,,,,Flindersia ifflana
Flindersia,laevicarpa var. laevicarpa,rose ash,scented maple,Rutaceae,Angiosperm,,,,,,,,,Flindersia laevicarpa var. laevicarpa
Flindersia,schottiana,bumpy ash,cudgerie,Rutaceae,Angiosperm,,,,,,,,,Flindersia schottiana
Flindersia,xanthoxyla,yellowood,long jack,Rutaceae,Angiosperm,,,,,,,,,Flindersia xanthoxyla
Franklinia,alatamaha,Franklin tree,,Theaceae,Angiosperm,,,,,,,,,Franklinia alatamaha
Fraxinus,angustifolia,narrow leafed ash,desert ash,Oleaceae,Angiosperm,,,,,,,,,Fraxinus angustifolia
Fraxinus,chinensis,Chinese ash,,Oleaceae,Angiosperm,,,,,,,,,Fraxinus chinensis
Fraxinus,excelsior,common ash,European ash,Oleaceae,Angiosperm,,,,,,,,,Fraxinus excelsior
Fraxinus,excelsior 'Jaspidea',gold ash,,Oleaceae,Angiosperm,,,,,,,,,Fraxinus excelsior 'Jaspidea'
Fraxinus,excelsior 'Pendula Wentworthii',,,Oleaceae,Angiosperm,,,,,,,,,Fraxinus excelsior 'Pendula Wentworthii'
Fraxinus,latifolia,Oregon ash,,Oleaceae,Angiosperm,,,,,,,,,Fraxinus latifolia
Fraxinus,longicuspis,Japanese ash,taper-tip ash,Oleaceae,Angiosperm,,,,,,,,,Fraxinus longicuspis
Fraxinus,ornus,manna ash,,Oleaceae,Angiosperm,,,,,,,,,Fraxinus ornus
Fraxinus,profunda,pumpkin ash,,Oleaceae,Angiosperm,,,,,,,,,Fraxinus profunda
Fraxinus,quadrangulata,blue ash,,Oleaceae,Angiosperm,,,,,,,,,Fraxinus quadrangulata
Fraxinus,stylosa,su zhu qin,,Oleaceae,Angiosperm,,,,,,,,,Fraxinus stylosa
Fuscia,excorticata,tree fuschia,,Onagraceae,Angiosperm,,,,,,,,,Fuscia excorticata
Fuscospora,cliffortioides,mountain beech,,Nothofagaceae,Angiosperm,,,,,,,,,Fuscospora cliffortioides
Fuscospora,solandri,black beech,,Nothofagaceae,Angiosperm,,,,,,,,,Fuscospora solandri
Fuscospora,truncata,hard beech,,Nothofagaceae,Angiosperm,,,,,,,,,Fuscospora truncata
Fuscospora,fusca,red beech,,Nothofagaceae,Angiosperm,,,,,,,,,Fuscospora fusca
Galbulimima,belgraveana,agara ,white magnolia,Himantandraceae,Angiosperm,,,,,,,,,Galbulimima belgraveana
Gardenia,thunbergia,forest gardenia,tree gardenia,Rubiaceae,Angiosperm,,,,,,,,,Gardenia thunbergia
Geijera,parviflora,wilga,,Rutaceae,Angiosperm,,,,,,,,,Geijera parviflora
Geissois,benthamii,red carabeen,,Cunoniaceae,Angiosperm,,,,,,,,,Geissois benthamii
Ginkgo,bibola,ginkgo,,Ginkgoaceae,Gymnosperm,,,,,,,,,Ginkgo bibola
Gleditsia,sinensis,honey locust,black locust,Fabaceae,Angiosperm,,,,,,,,,Gleditsia sinensis
Gleditsia,japonica var.koraiensis,,,Fabaceae,Angiosperm,,,,,,,,,Gleditsia japonica var.koraiensis
Gleditsia,caspica,Caspian locust,Persian honeylocust,Fabaceae,Angiosperm,,,,,,,,,Gleditsia caspica
Gleditsia,triacanthos,thorny locust,thorny honeylocust,Fabaceae,Angiosperm,,,,,,,,,Gleditsia triacanthos
Glochidion,ferdinandi,cheese tree,,Phyllanthaceae,Angiosperm,,,,,,,,,Glochidion ferdinandi
Gmelina,leichhardtii,white beech,,Lamiaceae,Angiosperm,,,,,,,,,Gmelina leichhardtii
Grevillea,hilliana,white silky oak,white yiel yiel,Proteaceae,Angiosperm,,,,,,,,,Grevillea hilliana
Grevillea,insignis,wax grevillea,,Proteaceae,Angiosperm,,,,,,,,,Grevillea insignis
Grevillea,linearifolia,linear-leaf grevillea,,Proteaceae,Angiosperm,,,,,,,,,Grevillea linearifolia
Grevillea,pteridifolia ,golden grevillea,silky grevillea,Proteaceae,Angiosperm,,,,,,,,,Grevillea pteridifolia 
Grevillea,robusta,silky oak,southern silky oak,Proteaceae,Angiosperm,,,,,,,,,Grevillea robusta
Griselinia,littoralis,kapuka,papauma,Griseliniaceae,Angiosperm,,,,,,,,,Griselinia littoralis
Gymnostoma ,australianum,oak,,Casuarinaceae,Angiosperm,,,,,,,,,Gymnostoma  australianum
Hakea,sericea,silky hakea,bushy needlewood,Proteaceae,Angiosperm,,,,,,,,,Hakea sericea
Hakea,bucculenta,red pokers,,Proteaceae,Angiosperm,,,,,,,,,Hakea bucculenta
Hakea,corymbosa,cauliflower hakea,,Proteaceae,Angiosperm,,,,,,,,,Hakea corymbosa
Hakea,laurina ,pincushion hakea,,Proteaceae,Angiosperm,,,,,,,,,Hakea laurina 
Hakea,macraeana,willow needlewood,Macrea's hakea,Proteaceae,Angiosperm,,,,,,,,,Hakea macraeana
Hakea,salicifolia,willow-leaved hakea,,Proteaceae,Angiosperm,,,,,,,,,Hakea salicifolia
Hakea,scoparia,kangaroo bush,,Proteaceae,Angiosperm,,,,,,,,,Hakea scoparia
Hamamelis,mollis,Chinese witch hazel,,Hamamelidaceae,Angiosperm,,,,,,,,,Hamamelis mollis
Harpephyllum,caffrum,Kaffir plum,South African wild plum,Anacardiaceae,Angiosperm,,,,,,,,,Harpephyllum caffrum
Hesperocyparis,lusitanica,Mexican cedar,,Cupressaceae,Gymnosperm,,,,,,,,,Hesperocyparis lusitanica
Hesperocyparis,macrocarpa,Monterey cypress,macrocarpa,Cupressaceae,Gymnosperm,,,,,,,,,Hesperocyparis macrocarpa
Hevea,brasiliensis,rubber tree,sharinga tree,Euphorbiaceae,Angiosperm,,,,,,,,,Hevea brasiliensis
Hibiscus,tiliaceus,native hibiscus,red cottonwood,Malvaceae,Angiosperm,,,,,,,,,Hibiscus tiliaceus
Hibiscus,heterophyllus,native rosella,,Malvaceae,Angiosperm,,,,,,,,,Hibiscus heterophyllus
Hovenia,dulcis,Japanese raisin tree,,Rhamnaceae,Angiosperm,,,,,,,,,Hovenia dulcis
Ilex,aquifolium 'Crispa',holly,blotched screw-holly,Aquifoliaceae,Angiosperm,,,,,,,,,Ilex aquifolium 'Crispa'
Ilex,aquifolium 'Golden Queen',golden holly,,Aquifoliaceae,Angiosperm,,,,,,,,,Ilex aquifolium 'Golden Queen'
Ilex,cornuta,horned holly,Chinese holly,Aquifoliaceae,Angiosperm,,,,,,,,,Ilex cornuta
Ilex,x altaclerensis 'Balearica',holly 'Balearica',,Aquifoliaceae,Angiosperm,,,,,,,,,Ilex x altaclerensis 'Balearica'
Ilex,x beanii,,,Aquifoliaceae,Angiosperm,,,,,,,,,Ilex x beanii
Ilex,x koehneana,chestnut leaf holly,,Aquifoliaceae,Angiosperm,,,,,,,,,Ilex x koehneana
Indigofera,australis,Australian indigo,,Fabaceae,Angiosperm,,,,,,,,,Indigofera australis
Jacaranda,mimosifolia,jacaranda,,Bignoniaceae,Angiosperm,,,,,,,,,Jacaranda mimosifolia
Jagera,pseudorhus,foambark,,Sapindaceae,Angiosperm,,,,,,,,,Jagera pseudorhus
Jubaea,chilensis,Chilean wine palm,,Arecaceae,Angiosperm,,,,,,,,,Jubaea chilensis
Juglans,mandshurica,monkey nuts,Manchurian walnut,Juglandaceae,Angiosperm,,,,,,,,,Juglans mandshurica
Juglans,nigra,black walnut,eastern American black walnut,Juglandaceae,Angiosperm,,,,,,,,,Juglans nigra
Juglans,regia,English walnut,Persian walnut,Juglandaceae,Angiosperm,,,,,,,,,Juglans regia
Juniperus,chinensis,Chinese jupiter,,Cupressaceae,Gymnosperm,,,,,,,,,Juniperus chinensis
Keteleeria,davidiana,Yunnan youshan,,Pinaceae,Gymnosperm,,,,,,,,,Keteleeria davidiana
Keteleeria,evelyniana,you shan,,Pinaceae,Gymnosperm,,,,,,,,,Keteleeria evelyniana
Keteleeria,fortunei,you shan,,Pinaceae,Gymnosperm,,,,,,,,,Keteleeria fortunei
Knightia,excelsa,rewarewa,,Proteaceae,Angiosperm,,,,,,,,,Knightia excelsa
Koelreuteria,paniculata,golden rain tree,,Sapindaceae,Angiosperm,,,,,,,,,Koelreuteria paniculata
Kunzea,baxteri x pulchella,red pendulum,beautiful kunzea,Myrtaceae,Angiosperm,,,,,,,,,Kunzea baxteri x pulchella
Kunzea,peduncularis,mountain burgan,,Myrtaceae,Angiosperm,,,,,,,,,Kunzea peduncularis
Kunzea,robusta,rawirnui,kanuka,Myrtaceae,Angiosperm,,,,,,,,,Kunzea robusta
Laburnum,anagyroides,laburnam,golden chain,Fabaceae,Angiosperm,,,,,,,,,Laburnum anagyroides
Lagarostrobos,franklinii,Huon pine,,Podocarpaceae,Gymnosperm,,,,,,,,,Lagarostrobos franklinii
Lagerstroemia,subcostata,crepe myrtle,Taiwan crepe myrtle,Lythraceae,Angiosperm,,,,,,,,,Lagerstroemia subcostata
Lagunaria,patersonia,pyramid tree,Norfolk Island hibiscus,Malvaceae,Angiosperm,,,,,,,,,Lagunaria patersonia
Larix,decidua,European larch,,Pinaceae,Gymnosperm,,,,,,,,,Larix decidua
Larix,occidentalis,western larch,,Pinaceae,Gymnosperm,,,,,,,,,Larix occidentalis
Larix,sibirica,Siberian larch,,Pinaceae,Gymnosperm,,,,,,,,,Larix sibirica
Laurelia,novae-zelandiae,pukatea,,Atherospermataceae,Angiosperm,,,,,,,,,Laurelia novae-zelandiae
Laurus,nobilis,bay tree,,Lauraceae,Angiosperm,,,,,,,,,Laurus nobilis
Lepidozamia,peroffskyana,pineapple zamia,,Zamiaceae,Gymnosperm,,,,,,,,,Lepidozamia peroffskyana
Leptospermum,polygalifolium,tantoon,jellybush,Myrtaceae,Angiosperm,,,,,,,,,Leptospermum polygalifolium
Leptospermum,amboinense,,,Myrtaceae,Angiosperm,,,,,,,,,Leptospermum amboinense
Leptospermum,lanigerum,woolly teatree,,Myrtaceae,Angiosperm,,,,,,,,,Leptospermum lanigerum
Leptospermum,minutifolium,small leaved tea tree,,Myrtaceae,Angiosperm,,,,,,,,,Leptospermum minutifolium
Leptospermum,petersonii,lemon-scented teatree,,Myrtaceae,Angiosperm,,,,,,,,,Leptospermum petersonii
Leptospermum,scoparium,manuka,teatree,Myrtaceae,Angiosperm,,,,,,,,,Leptospermum scoparium
Leptospermum,variabile,,,Myrtaceae,Angiosperm,,,,,,,,,Leptospermum variabile
Leucaena,leucocephala   ,river tamarind,jumbay,Fabaceae,Angiosperm,,,,,,,,,Leucaena leucocephala   
Libocedrus,bidwillii,pahautea,kaikawaka,Cupressaceae,Gymnosperm,,,,,,,,,Libocedrus bidwillii
Libocedrus,plumosa,kawaka,,Cupressaceae,Gymnosperm,,,,,,,,,Libocedrus plumosa
Licuala ,grandis,ruffled fan palm,,Arecaceae,Angiosperm,,,,,,,,,Licuala  grandis
Ligustrum,confusum,jangtse shing,goomgacha,Oleaceae,Angiosperm,,,,,,,,,Ligustrum confusum
Ligustrum,lucidum,broadleaf privet,privet,Oleaceae,Angiosperm,,,,,,,,,Ligustrum lucidum
Ligustrum,undulatum,box leaved privet,,Oleaceae,Angiosperm,,,,,,,,,Ligustrum undulatum
Lindera,megaphylla,spicewood,,Lauraceae,Angiosperm,,,,,,,,,Lindera megaphylla
Liquidamber,formosana,Formosan gum,Chinese sweet gum,Altingiaceae,Angiosperm,,,,,,,,,Liquidamber formosana
Liquidamber,orientalis,oriental sweet gum,Turkish sweet gum,Altingiaceae,Angiosperm,,,,,,,,,Liquidamber orientalis
Liquidamber,styraciflua,sweet gum,,Altingiaceae,Angiosperm,,,,,,,,,Liquidamber styraciflua
Liriodendron,chinense ,Chinese tulip tree,,Magnoliaceae,Angiosperm,,,,,,,,,Liriodendron chinense 
Liriodendron,tulipifera,tulip tree ,,Magnoliaceae,Angiosperm,,,,,,,,,Liriodendron tulipifera
Litsea,reticulata,bolly gum,bollywood,Lauraceae,Angiosperm,,,,,,,,,Litsea reticulata
Livistona,australis,cabbageptree palm,,Arecaceae,Angiosperm,,,,,,,,,Livistona australis
Lomatia,myricoides,river lomatia,,Proteaceae,Angiosperm,,,,,,,,,Lomatia myricoides
Lophostemoan,confertus,brush box,,Myrtaceae,Angiosperm,,,,,,,,,Lophostemoan confertus
Lophozonia,menziesii,silver beech,,Nothofagaceae,Angiosperm,,,,,,,,,Lophozonia menziesii
Macadamia,tetraphylla,Queensland nut,rough shelled bush nut,Proteaceae,Angiosperm,,,,,,,,,Macadamia tetraphylla
Magnolia,champaca,champak,,Magnoliaceae,Angiosperm,,,,,,,,,Magnolia champaca
Magnolia,grandiflora 'St Mary',,,Magnoliaceae,Angiosperm,,,,,,,,,Magnolia grandiflora 'St Mary'
Magnolia,grandiflora,southern magnolia ,bull bay,Magnoliaceae,Angiosperm,,,,,,,,,Magnolia grandiflora
Magnolia,kobus var. borealis,northern Japanese magnolia,,Magnoliaceae,Angiosperm,,,,,,,,,Magnolia kobus var. borealis
Magnolia,salicifolia,anise magnolia,,Magnoliaceae,Angiosperm,,,,,,,,,Magnolia salicifolia
Magnolia,stellata,star magnolia,,Magnoliaceae,Angiosperm,,,,,,,,,Magnolia stellata
Magnolia,x soulangiana,saucer magnolia,,Magnoliaceae,Angiosperm,,,,,,,,,Magnolia x soulangiana
Mallotus,japonicus,Japanese mallotus,hisagi,Euphorbiaceae,Angiosperm,,,,,,,,,Mallotus japonicus
Malus,baccata,Siberian crab apple,,Rosaceae,Angiosperm,,,,,,,,,Malus baccata
Malus,sieberi,,,Rosaceae,Angiosperm,,,,,,,,,Malus sieberi
Malus,sieboldii,Siebold's crab,Toringo crabapple,Rosaceae,Angiosperm,,,,,,,,,Malus sieboldii
Malus,sylvestris,European crab apple,crab apple,Rosaceae,Angiosperm,,,,,,,,,Malus sylvestris
Malus,tschonoskii,pillar apple,Chonosuki crab,Rosaceae,Angiosperm,,,,,,,,,Malus tschonoskii
Malus,x robusta,crab apple,red sentinel,Rosaceae,Angiosperm,,,,,,,,,Malus x robusta
Malus,yunnanensis,Yunnancrabapple,whychwood ruby,Rosaceae,Angiosperm,,,,,,,,,Malus yunnanensis
Maytenus,magellanica,Magellan's mayten,hard log mayten,Celastraceae,Angiosperm,,,,,,,,,Maytenus magellanica
Melaleuca,ericifolia,swamp paperbark,,Myrtaceae,Angiosperm,,,,,,,,,Melaleuca ericifolia
Melaleuca,leucadendra,weeping paper bark,long-leaved paperbark,Myrtaceae,Angiosperm,,,,,,,,,Melaleuca leucadendra
Melaleuca,linariifolia,snow-in-summer,narrow-leaved paperbark,Myrtaceae,Angiosperm,,,,,,,,,Melaleuca linariifolia
Melaleuca,nodosa,prickly-leaved paperbark,,Myrtaceae,Angiosperm,,,,,,,,,Melaleuca nodosa
Melaleuca,parvistaminea,rough-barked honey-myrtle,,Myrtaceae,Angiosperm,,,,,,,,,Melaleuca parvistaminea
Melaleuca,styphelioides,prickly leaved paperbark,prickly paperbark,Myrtaceae,Angiosperm,,,,,,,,,Melaleuca styphelioides
Melia,azederach,chinaberry,white cedar,Meliaceae,Angiosperm,,,,,,,,,Melia azederach
Melia,azedarach var. australasica,white cedar,,Meliaceae,Angiosperm,,,,,,,,,Melia azedarach var. australasica
Melicytus,dentatus,tree violet,,Violaceae,Angiosperm,,,,,,,,,Melicytus dentatus
Melicytus,ramiflorus,mahoe,whiteywood,Violaceae,Angiosperm,,,,,,,,,Melicytus ramiflorus
Meryta,latifolia,broad-leaved Meryta,,Araliaceae,Angiosperm,,small,Islands,,,,,,Meryta latifolia
Mespilus,germanica,medlar,,Rosaceae,Angiosperm,,,,,,,,,Mespilus germanica
Metasequoia,glyptostroboides,dawn redwood,mountain celery pine,Cupressaceae,Gymnosperm,,,,,,,,,Metasequoia glyptostroboides
Metrosideros,excelsa,New Zealand christmas tree,,Myrtaceae,Angiosperm,,,,,,,,,Metrosideros excelsa
Metrosideros,umbellata,rata,southern rata,Myrtaceae,Angiosperm,,,,,,,,,Metrosideros umbellata
Michelia,yunnanensis,scented pearl magnolioa,,Magnoliaceae,Angiosperm,,,,,,,,,Michelia yunnanensis
Mischocarpus,exangulatus,red bell mischocarp,,Sapindaceae,Angiosperm,,,,,,,,,Mischocarpus exangulatus
Morinda,citrifolia ,noni,cheesefruit,Rubiaceae,Angiosperm,,,,,,,,,Morinda citrifolia 
Morus,nigra,black mulberry,,Moraceae,Angiosperm,,,,,,,,,Morus nigra
Musgravia,heterophylla,briar oak,,Proteaceae,Angiosperm,,,,,,,,,Musgravia heterophylla
Myoporum,insulare,boobialla,native juniper,Scrophulariaceae,Angiosperm,,,,,,,,,Myoporum insulare
Myristica,insipida,nutmeg,Queensland nutmeg,Myristicaceae,Angiosperm,,,,,,,,,Myristica insipida
Myrsine,howittiana,muttonwood,brush muttonwood,Primulaceae,Angiosperm,,,,,,,,,Myrsine howittiana
Nectaroscordum,siculum subp. bulgaricum,honey garlic,Sicilian honey garlic,Amaryllidaceae,Angiosperm,,,,,,,,,Nectaroscordum siculum subp. bulgaricum
Nerium,oleander,oleander,nerium,Apocynaceae,Angiosperm,,,,,,,,,Nerium oleander
Normanbya,normanbyi ,black palm,,Arecaceae,Angiosperm,,,,,,,,,Normanbya normanbyi 
Notelaea,microcarpa,small-fruited mock olive,velvet mock olive,Oleaceae,Angiosperm,,,,,,,,,Notelaea microcarpa
Notelaea,venosa,large mock olive,smooth mock olive,Oleaceae,Angiosperm,,,,,,,,,Notelaea venosa
Nothofagus,cunninghamii,myrtle beech,,Nothofagaceae,Angiosperm,,,,,,,,,Nothofagus cunninghamii
Nothofagus,gunnii,tanglefoot,deciduous beech,Nothofagaceae,Angiosperm,,,,,,,,,Nothofagus gunnii
Nuxia,floribunda,forest elder,,Stilbaceae,Angiosperm,,,,,,,,,Nuxia floribunda
Nyssa,sylvatica,black tupelo,tupelo,Nyssaceae,Angiosperm,,,,,,,,,Nyssa sylvatica
Olea,europaea,olive,European olive,Oleaceae,Angiosperm,,,,,,,,,Olea europaea
Olearia,lirata,snowy daisy bush,,Asteraceae,Angiosperm,,,,,,,,,Olearia lirata
Olectyron,oleifolius,boonaree,bullock bush,Sapindaceae,Angiosperm,,,,,,,,,Olectyron oleifolius
Olmediella,betschleriana,manzanote,Costa Rica Holly,Salicaceae,Angiosperm,,,,,,,,,Olmediella betschleriana
Opisthiolepis,heterophylla,blush silky oak,stream silky oak,Proteaceae,Angiosperm,,,,,,,,,Opisthiolepis heterophylla
Oreocallis,wickhamii,red silky oak,,Proteaceae,Angiosperm,,,,,,,,,Oreocallis wickhamii
Osmanthus,fragrans,sweet osmathus,sweet olive,Oleaceae,Angiosperm,,,,,,,,,Osmanthus fragrans
Ostrya,carpinifolia,European hop hornbeam,,Betulaceae,Angiosperm,,,,,,,,,Ostrya carpinifolia
Ostrya,japonica,Japanese hop hornbam,,Betulaceae,Angiosperm,,,,,,,,,Ostrya japonica
Padus,grayana,Japnese bird cherry,Gray's bird cherry,Rosaceae,Angiosperm,,,,,,,,,Padus grayana
Pandanus,forsteri,forkey tree,,Pandanaceae,Angiosperm,,,,,,,,,Pandanus forsteri
Paraserianthes,lophantha,plume albizzia,cape wattle,Fabaceae,Angiosperm,,,,,,,,,Paraserianthes lophantha
Parrotia,persica,Persian ironwood,,Hamamelidaceae,Angiosperm,,,,,,,,,Parrotia persica
Paulownia,tomentosa,empress tree ,princess tree,Paulowniaceae,Angiosperm,,,,,,,,,Paulownia tomentosa
Persoonia,pinifoloia,geebung,mambara,Proteaceae,Angiosperm,,,,,,,,,Persoonia pinifoloia
Peumo,boldus,boldo,,Monimiaceae,Angiosperm,,,,,,,,,Peumo boldus
Phillyrea,latifolia,green olive,mock privet,Oleaceae,Angiosperm,,,,,,,,,Phillyrea latifolia
Phoenix,canariensis,Canary Island date palm,,Arecaceae,Angiosperm,,,,,,,,,Phoenix canariensis
Phoenix,reclinata,Senegal date palm,,Arecaceae,Angiosperm,,,,,,,,,Phoenix reclinata
Phoenix,sylvestris,silver date palm,,Arecaceae,Angiosperm,,,,,,,,,Phoenix sylvestris
Photinia,nussia,photinia ,Christmas berry,Rosaceae,Angiosperm,,,,,,,,,Photinia nussia
Photinia,serratifolia,Chinese photinia ,,Rosaceae,Angiosperm,,,,,,,,,Photinia serratifolia
Phyllocladus,alpinus,toatoa,,Podocarpaceae,Gymnosperm,,,,,,,,,Phyllocladus alpinus
Phyllocladus,asplenifolius,celery top pine,,Podocarpaceae,Gymnosperm,,,,,,,,,Phyllocladus asplenifolius
Phyllocladus,trichomanoides,tanekaha,celery pine,Podocarpaceae,Gymnosperm,,,,,,,,,Phyllocladus trichomanoides
Phytolacca,dioca,ombu,,Phytolaccaceae,Angiosperm,,,,,,,,,Phytolacca dioca
Picconia,excelsa,wiridgil,,Oleaceae,Angiosperm,,,,,,,,,Picconia excelsa
Picea,abies,Norway spruce,,Pinaceae,Gymnosperm,,,,,,,,,Picea abies
Picea,alcoquiana var. aloquiana,,,Pinaceae,Gymnosperm,,,,,,,,,Picea alcoquiana var. aloquiana
Picea,engelmannii,Engelmann spruce,,Pinaceae,Gymnosperm,,,,,,,,,Picea engelmannii
Picea,glauca,white spruce,,Pinaceae,Gymnosperm,,,,,,,,,Picea glauca
Picea,likiangensis var. hirtella,lijang spruce,,Pinaceae,Gymnosperm,,,,,,,,,Picea likiangensis var. hirtella
Picea,mariana,black spruce,,Pinaceae,Gymnosperm,,,,,,,,,Picea mariana
Picea,omorika,Serbian spruce,,Pinaceae,Gymnosperm,,,,,,,,,Picea omorika
Picea,orientalis,oriental spruce,,Pinaceae,Gymnosperm,,,,,,,,,Picea orientalis
Picea,"orientalis 'Aurea""",golden oriental spruce,golden Caucasian spruce,Pinaceae,Gymnosperm,,,,,,,,,"Picea orientalis 'Aurea"""
Picea,pungens,Colorado spruce,blue spruce,Pinaceae,Gymnosperm,,,,,,,,,Picea pungens
Picea,schrenkiana,Schrenk's spruce,,Pinaceae,Gymnosperm,,,,,,,,,Picea schrenkiana
Picea,sitchensis,sitka spruce,,Pinaceae,Gymnosperm,,,,,,,,,Picea sitchensis
Picea,smithiana,Himalayan spruce,,Pinaceae,Gymnosperm,,,,,,,,,Picea smithiana
Picrasma,quassioides,Jamaican quassia,,Simaroubaceae,Angiosperm,,,,,,,,,Picrasma quassioides
Pimelia,umbratica,,,Thymelaeaceae,Angiosperm,,,,,,,,,Pimelia umbratica
Pinus,armandii,Chinese white pine,,Pinaceae,Gymnosperm,,,,,,,,,Pinus armandii
Pinus,banksiana,jack pine,,Pinaceae,Gymnosperm,,,,,,,,,Pinus banksiana
Pinus,brutia,Turkish pine,Calabrian opine,Pinaceae,Gymnosperm,,,,,,,,,Pinus brutia
Pinus,brutia var. eldarica,,,Pinaceae,Gymnosperm,,,,,,,,,Pinus brutia var. eldarica
Pinus,bungeana,lacebark pine,,Pinaceae,Gymnosperm,,,,,,,,,Pinus bungeana
Pinus,canariensis,Canary Island pine,,Pinaceae,Gymnosperm,,,,,,,,,Pinus canariensis
Pinus,caribaea,Caribbean pine,,Pinaceae,Gymnosperm,,,,,,,,,Pinus caribaea
Pinus,clausa,sand pine,,Pinaceae,Gymnosperm,,,,,,,,,Pinus clausa
Pinus,contorta,lodgepole pine,,Pinaceae,Gymnosperm,,,,,,,,,Pinus contorta
Pinus,coulteri,big-cone pine,coulter pine,Pinaceae,Gymnosperm,,,,,,,,,Pinus coulteri
Pinus,densiflora,Japanese red pine,,Pinaceae,Gymnosperm,,,,,,,,,Pinus densiflora
Pinus,elliottii,slash pine,,Pinaceae,Gymnosperm,,,,,,,,,Pinus elliottii
Pinus,engelmannii,apache pine,,Pinaceae,Gymnosperm,,,,,,,,,Pinus engelmannii
Pinus,gerardiana,chilgoza pine,neja,Pinaceae,Gymnosperm,,,,,,,,,Pinus gerardiana
Pinus,greggii,Gregg's pine,,Pinaceae,Gymnosperm,,,,,,,,,Pinus greggii
Pinus,halepensis,Aleppo pine,,Pinaceae,Gymnosperm,,,,,,,,,Pinus halepensis
Pinus,heldreichii,Bosnian pine,,Pinaceae,Gymnosperm,,,,,,,,,Pinus heldreichii
Pinus,lambertiana,sugar pine,,Pinaceae,Gymnosperm,,,,,,,,,Pinus lambertiana
Pinus,longaevea,bristlecone pine,,Pinaceae,Gymnosperm,,,,,,,,,Pinus longaevea
Pinus,maximartinezii,big-cone pinon pine,,Pinaceae,Gymnosperm,,,,,,,,,Pinus maximartinezii
Pinus,monophylla,singleleaf pinon,,Pinaceae,Gymnosperm,,,,,,,,,Pinus monophylla
Pinus,mugo,bog pine,dwarf mountain pine,Pinaceae,Gymnosperm,,,,,,,,,Pinus mugo
Pinus,nigra,black pine,Austrian pine,Pinaceae,Gymnosperm,,,,,,,,,Pinus nigra
Pinus,palustris,longleaf pine,,Pinaceae,Gymnosperm,,,,,,,,,Pinus palustris
Pinus,parviflora,Japanese white pine,,Pinaceae,Gymnosperm,,,,,,,,,Pinus parviflora
Pinus,pinaster,maritime pine,,Pinaceae,Gymnosperm,,,,,,,,,Pinus pinaster
Pinus,pinea,stone npine,,Pinaceae,Gymnosperm,,,,,,,,,Pinus pinea
Pinus,ponderosa,pondersosa pine,,Pinaceae,Gymnosperm,,,,,,,,,Pinus ponderosa
Pinus,radiata,radiata pine,,Pinaceae,Gymnosperm,,,,,,,,,Pinus radiata
Pinus,resinosa,red pine,,Pinaceae,Gymnosperm,,,,,,,,,Pinus resinosa
Pinus,roxburghii ,chir pine,,Pinaceae,Gymnosperm,,,,,,,,,Pinus roxburghii 
Pinus,strobus,eastern white pine,,Pinaceae,Gymnosperm,,,,,,,,,Pinus strobus
Pinus,sylvestris,Scots pine,,Pinaceae,Gymnosperm,,,,,,,,,Pinus sylvestris
Pinus,tabuliformis var. mukdensis,Chinese red pine,,Pinaceae,Gymnosperm,,,,,,,,,Pinus tabuliformis var. mukdensis
Pinus,taeda,loblolly pine,,Pinaceae,Gymnosperm,,,,,,,,,Pinus taeda
Pinus,thunbergii,Japanese black pine,,Pinaceae,Gymnosperm,,,,,,,,,Pinus thunbergii
Pinus,wallichiana,Bhiutan pine,Himalayan pine,Pinaceae,Gymnosperm,,,,,,,,,Pinus wallichiana
Pinus,x densithunbergii,beni-kujaku,edsal wood Japanese hybrid pine,Pinaceae,Gymnosperm,,,,,,,,,Pinus x densithunbergii
Pisonia,brunoniana,birdcatcher,,Nyctaginaceae,Angiosperm,,,,,,,,,Pisonia brunoniana
Pittosporum,bicolor,cheesewood,banyalla,Pittosporaceae,Angiosperm,,,,,,,,,Pittosporum bicolor
Pittosporum,eugenioides,tarata,lemonwood,Pittosporaceae,Angiosperm,,,,,,,,,Pittosporum eugenioides
Pittosporum,rubiginosum,hairy red pittosporum,,Pittosporaceae,Angiosperm,,,,,,,,,Pittosporum rubiginosum
Pittosporum,undulatum,sweet pittosporum,mock orange,Pittosporaceae,Angiosperm,,,,,,,,,Pittosporum undulatum
Plagianthus,regius,ribbonwood,manatu,Malvaceae,Angiosperm,,,,,,,,,Plagianthus regius
Planchonella,australis,black apple,wild plum,Sapotaceae,Angiosperm,,,,,,,,,Planchonella australis
Planchonella,costata,tawapou,bastard ironwood,Sapotaceae,Angiosperm,,,,,,,,,Planchonella costata
Planchonella,laurifolia,blush coondoo,tormenta,Sapotaceae,Angiosperm,,,,,,,,,Planchonella laurifolia
Platanus,acerifolia,London plane,,Platanaceae,Angiosperm,,,,,,,,,Platanus acerifolia
Pleiogynium,timorense,Burdekin plum,sweet plum,Anacardiaceae,Angiosperm,,,,,,,,,Pleiogynium timorense
Plinia,cauliflora,jabuticaba,Braziillian grapetree,Myrtaceae,Angiosperm,,,,,,,,,Plinia cauliflora
Podocarpus,elatus,plum pine,brown pine,Podocarpaceae,Gymnosperm,,,,,,,,,Podocarpus elatus
Podocarpus,falcatus,,,Podocarpaceae,Gymnosperm,,,,,,,,,Podocarpus falcatus
Podocarpus,latifolius,yellow wood,,Podocarpaceae,Gymnosperm,,,,,,,,,Podocarpus latifolius
Podocarpus,macrophyllus,Japanes maki,Japanese yew pine,Podocarpaceae,Gymnosperm,,,,,,,,,Podocarpus macrophyllus
Podocarpus,totara,totara,,Podocarpaceae,Gymnosperm,,,,,,,,,Podocarpus totara
Poliothyrsis,sinensis,Chinese pearlbloom,,Salicaceae,Angiosperm,,,,,,,,,Poliothyrsis sinensis
Pomaderris,aspera,hazel pomaderris,,Rhamnaceae,Angiosperm,,,,,,,,,Pomaderris aspera
Pomaderris,vacciniifolia,round-leaf pomaderris,,Rhamnaceae,Angiosperm,,,,,,,,,Pomaderris vacciniifolia
Pomaderris,walshii,Carrington Falls pomaderris,,Rhamnaceae,Angiosperm,,,,,,,,,Pomaderris walshii
Populus,alba,silver poplar,white poplar,Salicaceae,Angiosperm,,,,,,,,,Populus alba
Populus,deltoides,eastern cottonwood,necklace poplar,Salicaceae,Angiosperm,,,,,,,,,Populus deltoides
Populus,nigra,black poplar,Lombardy poplar,Salicaceae,Angiosperm,,,,,,,,,Populus nigra
Populus,tremuloides,quaking aspen,trembling aspen,Salicaceae,Angiosperm,,,,,,,,,Populus tremuloides
Populus,trichocarpa,black cottonwood,western balsam-poplar,Salicaceae,Angiosperm,,,,,,,,,Populus trichocarpa
Populus,x canadensis,Canadian poplar,Carolina poplar,Salicaceae,Angiosperm,,,,,,,,,Populus x canadensis
Posoqueria ,latifolia,needle flower,,Rubiaceae,Angiosperm,,,,,,,,,Posoqueria  latifolia
Prosopis,velutina,velvet mesquite,,Fabaceae,Angiosperm,,,,,,,,,Prosopis velutina
Prosopis ,laevigata,smooth mesquits,,Fabaceae,Angiosperm,,,,,,,,,Prosopis  laevigata
Prumnopitys,ladei,Mount Spurgeon black pine,,Podocarpaceae,Gymnosperm,,,,,,,,,Prumnopitys ladei
Prumnopitys,ferruginia,miro,,Podocarpaceae,Gymnosperm,,,,,,,,,Prumnopitys ferruginia
Prumnopitys,taxifolia,matai,,Podocarpaceae,Gymnosperm,,,,,,,,,Prumnopitys taxifolia
Prunus,laurocerasus,English laurel,cherry laurel,Rosaceae,Angiosperm,,,,,,,,,Prunus laurocerasus
Prunus,padus,bird cherry,blacj dogwood,Rosaceae,Angiosperm,,,,,,,,,Prunus padus
Prunus,serrulata,Japanese cherry,,Rosaceae,Angiosperm,,,,,,,,,Prunus serrulata
Prunus,subhirtella,higan cherry,spring cherry,Rosaceae,Angiosperm,,,,,,,,,Prunus subhirtella
Prunus,x yedoensis,Yoschino cherry tree,,Rosaceae,Angiosperm,,,,,,,,,Prunus x yedoensis
Pseudolarix,amabilis,golden larch,,Pinaceae,Gymnosperm,,,,,,,,,Pseudolarix amabilis
Pseudopanax,arboreus,five finger,,Araliaceae,Angiosperm,,,,,,,,,Pseudopanax arboreus
Pseudopanax,crassifolius,lancewood,,Araliaceae,Angiosperm,,,,,,,,,Pseudopanax crassifolius
Pseudopanax,ferox,toothed lancewood,horoeka,Araliaceae,Angiosperm,,,,,,,,,Pseudopanax ferox
Pseudotsuga,macrocarpa,bigcone spruce,bigcone Douglas fir,Pinaceae,Gymnosperm,,,,,,,,,Pseudotsuga macrocarpa
Pseudotsuga,menzeisii,Douglas fir,,Pinaceae,Gymnosperm,,,,,,,,,Pseudotsuga menzeisii
Pseudoweinmannia,lachnocarpa,rose marara,mararie,Cunoniaceae,Angiosperm,,,,,,,,,Pseudoweinmannia lachnocarpa
Pseudowintera,colorata,horopito,pepper tree,Winteraceae,Angiosperm,,,,,,,,,Pseudowintera colorata
Ptelea,trifoliata,wafer ash,hop tree,Rutaceae,Angiosperm,,,,,,,,,Ptelea trifoliata
Pterocarya,fraxinifolia,Caucasian wing nut,,Juglandaceae,Angiosperm,,,,,,,,,Pterocarya fraxinifolia
Pterocarya,rhoifolia,Japanese wing nut,,Juglandaceae,Angiosperm,,,,,,,,,Pterocarya rhoifolia
Pterocarya,stenoptera,Chinese wing nut,,Juglandaceae,Angiosperm,,,,,,,,,Pterocarya stenoptera
Pterocarya,x rehderiana,,,Juglandaceae,Angiosperm,,,,,,,,,Pterocarya x rehderiana
Pterophylla,racemosa,kamahi,,Cunoniaceae,Angiosperm,,,,,,,,,Pterophylla racemosa
Pyrus,balansae,pear,,Rosaceae,Angiosperm,,,,,,,,,Pyrus balansae
Pyrus,bretschneideri,ya pear,Chinese white pear,Rosaceae,Angiosperm,,,,,,,,,Pyrus bretschneideri
Pyrus,calleryana,callery pear,,Rosaceae,Angiosperm,,,,,,,,,Pyrus calleryana
Pyrus,communis,pear,,Rosaceae,Angiosperm,,,,,,,,,Pyrus communis
Pyrus,nivalis,snow pear,,Rosaceae,Angiosperm,,,,,,,,,Pyrus nivalis
Pyrus,pubescens,,,Rosaceae,Angiosperm,,,,,,,,,Pyrus pubescens
Pyrus,ussuriensis var. hondoensis,Japanese wild pear,,Rosaceae,Angiosperm,,,,,,,,,Pyrus ussuriensis var. hondoensis
Quercus,acuta,Japanese evergreen oak,,Fagaceae,Angiosperm,,,,,,,,,Quercus acuta
Quercus,agrifolia,coast live oak,,Fagaceae,Angiosperm,,,,,,,,,Quercus agrifolia
Quercus,bicolor,swamp white oak,,Fagaceae,Angiosperm,,,,,,,,,Quercus bicolor
Quercus,canariensis,Algerian oak,,Fagaceae,Angiosperm,,,,,,,,,Quercus canariensis
Quercus,castaneifolia,chestnut-leaved oak,,Fagaceae,Angiosperm,,,,,,,,,Quercus castaneifolia
Quercus,castaneifolia x cerris,,,Fagaceae,Angiosperm,,,,,,,,,Quercus castaneifolia x cerris
Quercus,cerris,Turkey oak,,Fagaceae,Angiosperm,,,,,,,,,Quercus cerris
Quercus,"cerris 'Laciniata""",,,Fagaceae,Angiosperm,,,,,,,,,"Quercus cerris 'Laciniata"""
Quercus,cerris x suber ,,,Fagaceae,Angiosperm,,,,,,,,,Quercus cerris x suber 
Quercus,coccinea,scarlet oak,,Fagaceae,Angiosperm,,,,,,,,,Quercus coccinea
Quercus,dentata,Japanese emperor oak,daimyo oak,Fagaceae,Angiosperm,,,,,,,,,Quercus dentata
Quercus,douglasii,blue oak,,Fagaceae,Angiosperm,,,,,,,,,Quercus douglasii
Quercus,engelmannii,Engelmann oak,,Fagaceae,Angiosperm,,,,,,,,,Quercus engelmannii
Quercus,frainetto,Hungarian oak,Italian oak,Fagaceae,Angiosperm,,,,,,,,,Quercus frainetto
Quercus,hispanica 'Lucombeana',Lucome oak,,Fagaceae,Angiosperm,,,,,,,,,Quercus hispanica 'Lucombeana'
Quercus,ilex,holm oak,,Fagaceae,Angiosperm,,,,,,,,,Quercus ilex
Quercus,laurifolia,laurel oak,,Fagaceae,Angiosperm,,,,,,,,,Quercus laurifolia
Quercus,leucotrichophora,banj oak,banjh oak,Fagaceae,Angiosperm,,,,,,,,,Quercus leucotrichophora
Quercus,lobata,valley oak,roble,Fagaceae,Angiosperm,,,,,,,,,Quercus lobata
Quercus,macrocarpa,bur oak,,Fagaceae,Angiosperm,,,,,,,,,Quercus macrocarpa
Quercus,mongolica,Mongolian oak,,Fagaceae,Angiosperm,,,,,,,,,Quercus mongolica
Quercus,palustris,pin oak,,Fagaceae,Angiosperm,,,,,,,,,Quercus palustris
Quercus,petraea,sessile oak ,durmast oak,Fagaceae,Angiosperm,,,,,,,,,Quercus petraea
Quercus,phillyraeoides,black ridge oak,,Fagaceae,Angiosperm,,,,,,,,,Quercus phillyraeoides
Quercus,pubescens,downy oak,white oak,Fagaceae,Angiosperm,,,,,,,,,Quercus pubescens
Quercus,robur,English oak,,Fagaceae,Angiosperm,,,,,,,,,Quercus robur
Quercus,rubra,red oak,,Fagaceae,Angiosperm,,,,,,,,,Quercus rubra
Quercus,suber,cork oak,,Fagaceae,Angiosperm,,,,,,,,,Quercus suber
Quercus,trojana,Macedonian oak,,Fagaceae,Angiosperm,,,,,,,,,Quercus trojana
Quercus,velutina ,black oak,,Fagaceae,Angiosperm,,,,,,,,,Quercus velutina 
Quercus,x hispanica,Spanish oak,,Fagaceae,Angiosperm,,,,,,,,,Quercus x hispanica
Quercus,x rosacea,,,Fagaceae,Angiosperm,,,,,,,,,Quercus x rosacea
Quercus,x turneri 'Pseudoturneri',Turner's oak,,Fagaceae,Angiosperm,,,,,,,,,Quercus x turneri 'Pseudoturneri'
Quercus,xalapensis,xalapa oak,,Fagaceae,Angiosperm,,,,,,,,,Quercus xalapensis
Quillaja,saponaria,soapbark tree,soapbark,Quillajaceae,Angiosperm,,,,,,,,,Quillaja saponaria
Rapanea,howittiana,muttonwood,brush muttonwood,Primulaceae,Angiosperm,,,,,,,,,Rapanea howittiana
Rhiozophora,stylosa,spotted mangrove,red mangrove,Rhizophoraceae,Angiosperm,,,,,,,,,Rhiozophora stylosa
Rhodahnia ,rubescens,scrub turpentine,brown malletwood,Myrtaceae,Angiosperm,,,,,,,,,Rhodahnia  rubescens
Rhodosphaera ,rhodanthema,deep yellow wood,,Anacardiaceae,Angiosperm,,,,,,,,,Rhodosphaera  rhodanthema
Rhus,chinensis,Chinese sumac,nutgall tree,Anacardiaceae,Angiosperm,,,,,,,,,Rhus chinensis
Rhus,coriaria,elm leaved sumac,Sicilan sumac,Anacardiaceae,Angiosperm,,,,,,,,,Rhus coriaria
Rhus,integrifolia,lemonade berry,lemonade sumac,Anacardiaceae,Angiosperm,,,,,,,,,Rhus integrifolia
Robinia,pseudoacacia,black locust,,Fabaceae,Angiosperm,,,,,,,,,Robinia pseudoacacia
Robinia,viscosa,clammy locust,,Fabaceae,Angiosperm,,,,,,,,,Robinia viscosa
Rosa,sambucina,shan qiang wei,,Rosaceae,Angiosperm,,,,,,,,,Rosa sambucina
Sabal,bermudana,bermuda palmetto palm,bibby tree,Arecaceae,Angiosperm,,,,,,,,,Sabal bermudana
Salix,babylonica,weeping willow,,Salicaceae,Angiosperm,,,,,,,,,Salix babylonica
Sannantha,pluriflora,tall baeckea,twiggy heath myrtle,Myrtaceae,Angiosperm,,,,,,,,,Sannantha pluriflora
Santalum,australocaledonicum,sandalwood,Pacific sandalwood,Santalaceae,Angiosperm,,,,,,,,,Santalum australocaledonicum
Sarcomelicope,simplicifolia,baurella,hard aspen,Rutaceae,Angiosperm,,,,,,,,,Sarcomelicope simplicifolia
Schinus,molle,peppercorn,,Anacardiaceae,Angiosperm,,,,,,,,,Schinus molle
Schizomeria,ovata,cherry birch,,Cunoniaceae,Angiosperm,,,,,,,,,Schizomeria ovata
Schotia,brachypetala,weeping boer bean,,Fabaceae,Angiosperm,,,,,,,,,Schotia brachypetala
Senecio,anethifolius subsp brevibracteolatus,,,Asteraceae,Angiosperm,,,,,,,,,Senecio anethifolius subsp brevibracteolatus
Senegalia,nigrescens,knobthorn,,Fabaceae,Angiosperm,,,,,,,,,Senegalia nigrescens
Sequoia,sempervirens,coast redwood,California redwood,Cupressaceae,Gymnosperm,,,,,,,,,Sequoia sempervirens
Sequoiadendron,giganteum,giant Sequoia,,Cupressaceae,Gymnosperm,,,,,,,,,Sequoiadendron giganteum
Shefflera,digitata,seven finger patepate,umbrella tree,Araliaceae,Angiosperm,,,,,,,,,Shefflera digitata
Sinojackia,rehderiana,jacktree,,Styracaceae,Angiosperm,,,,,,,,,Sinojackia rehderiana
Sloanea,australis,maiden's blush,,Elaeocarpaceae,Angiosperm,,,,,,,,,Sloanea australis
Sloanea,macbrydei,carabeen,grey carabeen,Elaeocarpaceae,Angiosperm,,,,,,,,,Sloanea macbrydei
Sloanea,woollsii,yellow carabeen,,Elaeocarpaceae,Angiosperm,,,,,,,,,Sloanea woollsii
Sophora,toromiro,toromiro,,Fabaceae,Angiosperm,,,,,,,,,Sophora toromiro
Sophora,microphylla,kowhai,,Fabaceae,Angiosperm,,,,,,,,,Sophora microphylla
Sophora,tetraptera,large leaved kowhai,,Fabaceae,Angiosperm,,,,,,,,,Sophora tetraptera
Sorbus,alnifolia,Korean mountain ash,,Rosaceae,Angiosperm,,,,,,,,,Sorbus alnifolia
Sorbus,aucuparia,rowan,,Rosaceae,Angiosperm,,,,,,,,,Sorbus aucuparia
Sorbus,aucuparia subsp. aucuparia,,,Rosaceae,Angiosperm,,,,,,,,,Sorbus aucuparia subsp. aucuparia
Sorbus,commixta,Japnese rowan,Japanese mountain ash,Rosaceae,Angiosperm,,,,,,,,,Sorbus commixta
Sorbus,domestica forma pomifera,,,Rosaceae,Angiosperm,,,,,,,,,Sorbus domestica forma pomifera
Sorbus,domestica forma pyrifera,,,Rosaceae,Angiosperm,,,,,,,,,Sorbus domestica forma pyrifera
Sorbus,gonggashanica,gonga shan mountain ash,snow balls,Rosaceae,Angiosperm,,,,,,,,,Sorbus gonggashanica
Sorbus,himalaica,,,Rosaceae,Angiosperm,,,,,,,,,Sorbus himalaica
Sorbus,keissleri,mao xu hua qiu,,Rosaceae,Angiosperm,,,,,,,,,Sorbus keissleri
Sorbus,latifolia,whitebeam,,Rosaceae,Angiosperm,,,,,,,,,Sorbus latifolia
Sorbus,torminalis,wild service tree,chequer tree,Rosaceae,Angiosperm,,,,,,,,,Sorbus torminalis
Sorbus,umbellata,alisier d'orient,,Rosaceae,Angiosperm,,,,,,,,,Sorbus umbellata
Sorbus,x kewensis,mountain ash,,Rosaceae,Angiosperm,,,,,,,,,Sorbus x kewensis
Spathodea,campanulata,African tulip tree,,Bignoniaceae,Angiosperm,,,,,,,,,Spathodea campanulata
Stenocarpus,salignus ,scrub beefwood,red silky oak,Proteaceae,Angiosperm,,,,,,,,,Stenocarpus salignus 
Stenocarpus,sinuatus,fire wheel tree,,Proteaceae,Angiosperm,,,,,,,,,Stenocarpus sinuatus
Styrax,japonicus,Japonese snowbell,,Styracaceae,Angiosperm,,,,,,,,,Styrax japonicus
Syncarpia,glomulifera,turpentine ,yanderra,Myrtaceae,Angiosperm,,,,,,,,,Syncarpia glomulifera
Syncarpia,hillii,satinay,Fraser Island satinay,Myrtaceae,Angiosperm,,,,,,,,,Syncarpia hillii
Synoum,muelleri,scentless rosewood,red sycamore,Meliaceae,Angiosperm,,,,,,,,,Synoum muelleri
Syzygium,australe,creek lilly-pilly,brush cherry,Myrtaceae,Angiosperm,,,,,,,,,Syzygium australe
Syzygium,floribunda,weeping lilly-pilly,,Myrtaceae,Angiosperm,,,,,,,,,Syzygium floribunda
Syzygium,francisii,giant water gum,rose satinash,Myrtaceae,Angiosperm,,,,,,,,,Syzygium francisii
Syzygium,leuhmannii,riberry,small leaved lilly pilly,Myrtaceae,Angiosperm,,,,,,,,,Syzygium leuhmannii
Syzygium,paniculatum,magenta lilly pilly,magenta cherry,Myrtaceae,Angiosperm,,,,,,,,,Syzygium paniculatum
Syzygium,wilsonii,powder puff lilly pilly,,Myrtaceae,Angiosperm,,,,,,,,,Syzygium wilsonii
Taiwania,cryptomerioides,Chinese coffin gtree,,Cupressaceae,Gymnosperm,,,,,,,,,Taiwania cryptomerioides
Tamarindus,indica,tamarind,,Fabaceae,Angiosperm,,,,,,,,,Tamarindus indica
Tapiscia,sinensis,,,Tapisciaceae,Angiosperm,,,,,,,,,Tapiscia sinensis
Tasmannia,insipida,brush pepperbush,,Winteraceae,Angiosperm,,,,,,,,,Tasmannia insipida
Tasmannia,lanceolata,Tasmanian pepperberry,mountain pepper,Winteraceae,Angiosperm,,,,,,,,,Tasmannia lanceolata
Taxodium,distichum,bald cypress,,Cupressaceae,Gymnosperm,,,,,,,,,Taxodium distichum
Taxodium,distichum var. distichum,bald cypress,,Cupressaceae,Gymnosperm,,,,,,,,,Taxodium distichum var. distichum
Taxodium,mucronatum,Montezuma cypress,,Cupressaceae,Gymnosperm,,,,,,,,,Taxodium mucronatum
Taxus,baccata,yew,,Taxaceae,Gymnosperm,,,,,,,,,Taxus baccata
Taxus,baccata 'Fastigata',Irish yew,,Taxaceae,Gymnosperm,,,,,,,,,Taxus baccata 'Fastigata'
Tectona,grandis,teak,,Lamiaceae,Angiosperm,,,,,,,,,Tectona grandis
Terminalia,catappa ,Indian almond,country almond,Combretaceae,Angiosperm,,,,,,,,,Terminalia catappa 
Terminalia,sericocarpa,damson,damson plum,Combretaceae,Angiosperm,,,,,,,,,Terminalia sericocarpa
Ternstroemia,gymnanathera,bossy ternstroemia,Japanese ternstroemia,Pentaphylacaceae,Angiosperm,,,,,,,,,Ternstroemia gymnanathera
Tetraclinis,articulata,sandarac,,Cupressaceae,Gymnosperm,,,,,,,,,Tetraclinis articulata
Tetradium,daniellii,bee-bee tree,tetradium,Rutaceae,Angiosperm,,,,,,,,,Tetradium daniellii
Theobroma,cacao,cocao,cocao bean,Malvaceae,Angiosperm,,,,,,,,,Theobroma cacao
Thuja,plicata,western red cedar,,Cupressaceae,Gymnosperm,,,,,,,,,Thuja plicata
Thujopsis,dolabrata,hiba,sauhi,Cupressaceae,Gymnosperm,,,,,,,,,Thujopsis dolabrata
Thujopsis,dolobrata var. hondae,hiba,,Cupressaceae,Gymnosperm,,,,,,,,,Thujopsis dolobrata var. hondae
Tilia,americana,American basswood,,Malvaceae,Angiosperm,,,,,,,,,Tilia americana
Tilia,concinna,,,Malvaceae,Angiosperm,,,,,,,,,Tilia concinna
Tilia, tree,greenspire linden,,Malvaceae,Angiosperm,,,,,,,,,Tilia  tree
Tilia,dasystyla subsp. dasystyla,,,Malvaceae,Angiosperm,,,,,,,,,Tilia dasystyla subsp. dasystyla
Tilia,laetevirens,Chinese lime,Chinese linden,Malvaceae,Angiosperm,,,,,,,,,Tilia laetevirens
Tilia,mongolica,Mongolian lime,,Malvaceae,Angiosperm,,,,,,,,,Tilia mongolica
Tilia,nobilis,noble lime,,Malvaceae,Angiosperm,,,,,,,,,Tilia nobilis
Tilia,oliveri,Chinese lime,Chinese white lime,Malvaceae,Angiosperm,,,,,,,,,Tilia oliveri
Tilia,platyphyllos,large leaved lime,large leaved linden,Malvaceae,Angiosperm,,,,,,,,,Tilia platyphyllos
Tilia,platyphyllos 'Laciananta',cut-leaved linden,,Malvaceae,Angiosperm,,,,,,,,,Tilia platyphyllos 'Laciananta'
Tilia,tomentosa 'Petiolaris',pendent silver lime,weeping silver lime,Malvaceae,Angiosperm,,,,,,,,,Tilia tomentosa 'Petiolaris'
Tilia,x europaea,lime,linden,Malvaceae,Angiosperm,,,,,,,,,Tilia x europaea
Tilia,x moltkei,von Moltke linden,,Malvaceae,Angiosperm,,,,,,,,,Tilia x moltkei
Tipuana,tipu,rosewood,,Fabaceae,Angiosperm,,,,,,,,,Tipuana tipu
Toona,ciliata,red cedar,toon tree,Meliaceae,Angiosperm,,,,,,,,,Toona ciliata
Toona,sinensis,Chinese cedar,Chinese mahogany,Meliaceae,Angiosperm,,,,,,,,,Toona sinensis
Trachycarpus,fortunei,Chinese windmill palm,,Arecaceae,Angiosperm,,,,,,,,,Trachycarpus fortunei
Tristaniopsis,laurina ,kanooka,water gum,Myrtaceae,Angiosperm,,,,,,,,,Tristaniopsis laurina 
Tsuga,canadensis,eastern hemlock,,Pinaceae,Gymnosperm,,,,,,,,,Tsuga canadensis
Tsuga,canadensis 'Microphylla',,,Pinaceae,Gymnosperm,,,,,,,,,Tsuga canadensis 'Microphylla'
Tsuga,caroliniana 'Compacta',Everitt's golden,,Pinaceae,Gymnosperm,,,,,,,,,Tsuga caroliniana 'Compacta'
Tsuga,forrestii,lijiang tieshan,,Pinaceae,Gymnosperm,,,,,,,,,Tsuga forrestii
Tsuga,heterophylaa,western hemlock,,Pinaceae,Gymnosperm,,,,,,,,,Tsuga heterophylaa
Tsuga,ulleungensis,ulleungdo hemlock,,Pinaceae,Gymnosperm,,,,,,,,,Tsuga ulleungensis
Ulmus,glabra,wych elm,scotch elm,Ulmaceae,Angiosperm,,,,,,,,,Ulmus glabra
Ulmus,procera,English elm,,Ulmaceae,Angiosperm,,,,,,,,,Ulmus procera
Ulmus,pumila,Siberian elm,,Ulmaceae,Angiosperm,,,,,,,,,Ulmus pumila
Ulmus,x  hollandica,Dutch elm,,Ulmaceae,Angiosperm,,,,,,,,,Ulmus x  hollandica
Viburnum,foetidum var. rectangulatum,Himalayan evergreen virburnum,,Adoxaceae,Angiosperm,,,,,,,,,Viburnum foetidum var. rectangulatum
Viburnum,macrocephalum,Chinese snowball,,Adoxaceae,Angiosperm,,,,,,,,,Viburnum macrocephalum
Viburnum,sieboldii,Siebold's viburnum,,Adoxaceae,Angiosperm,,,,,,,,,Viburnum sieboldii
Viburnum,odoratissimum,sweet virburnum,,Adoxaceae,Angiosperm,,,,,,,,,Viburnum odoratissimum
Vitex,lucens,puriri,,Lamiaceae,Angiosperm,,,,,,,,,Vitex lucens
Vitex,negundo,Chinese chae tree,horseshoe vitex,Lamiaceae,Angiosperm,,,,,,,,,Vitex negundo
Washingtonia,filifera,Californian fan palm,,Arecaceae,Angiosperm,,,,,,,,,Washingtonia filifera
Waterhousea,floribunda,weeping lilly-pilly,,Myrtaceae,Angiosperm,,,,,,,,,Waterhousea floribunda
Weinmannia,racemosa,kamahi,,Cunoniaceae,Angiosperm,,,,,,,,,Weinmannia racemosa
Widdringtonia,wallichii,clanwilliam cedar,clanwilliam cypress,Cupressaceae,Gymnosperm,,,,,,,,,Widdringtonia wallichii
Wollemia,nobilis,wollemi pine,,Araucariaceae,Gymnosperm,,,,,,,,,Wollemia nobilis
Xanthoceras,sorbifolium,yellowhorn,golden horn,Sapindaceae,Angiosperm,,,,,,,,,Xanthoceras sorbifolium
Xanthorrhoea,malacophylla,grass tree,,Asphodelaceae,Angiosperm,,,,,,,,,Xanthorrhoea malacophylla
Xanthorrhoea,glauca ,black boy tree,blue grass tree,Asphodelaceae,Angiosperm,,,,,,,,,Xanthorrhoea glauca 
Xanthostemon,oppositifolius,southern penda,,Myrtaceae,Angiosperm,,,,,,,,,Xanthostemon oppositifolius
Xanthoxylum,octandrum,false jitta,yellow boxwood,Polygalaceae,Angiosperm,,,,,,,,,Xanthoxylum octandrum
Xanthoxylum,whitei,,,Polygalaceae,Angiosperm,,,,,,,,,Xanthoxylum whitei
Xanthoxylum,simulans,Sichuan pepper,Szechuan pepper,Polygalaceae,Angiosperm,,,,,,,,,Xanthoxylum simulans
Yucca,elephantipes,spineless yucca,,Asparagaceae,Angiosperm,,,,,,,,,Yucca elephantipes
Zelcova,carpinifolia,elm zelcova,Caucasian zelcova ,Ulmaceae,Angiosperm,,,,,,,,,Zelcova carpinifolia
Zelcova,serrata,Japanese zelcova,,Ulmaceae,Angiosperm,,,,,,,,,Zelcova serrata
Zieria ,adenodonta,Wollumbin zieria,,Rutaceae,Angiosperm,,,,,,,,,Zieria  adenodonta